inference_id,evidence_id,evidence_type,graph_edge_id,source_node_id,target_node_id
INF_0000001,EV_0000001,SUPPORTING_GRAPH_EDGE,E_SE_01192345,DRUG_000045,DRUG_000048
INF_0000001,EV_0000002,SUPPORTING_GRAPH_EDGE,E_SE_01192346,DRUG_000045,DRUG_000048
INF_0000001,EV_0000003,SUPPORTING_GRAPH_EDGE,E_SE_01192347,DRUG_000045,DRUG_000048
INF_0000001,EV_0000004,SUPPORTING_GRAPH_EDGE,E_SE_01192348,DRUG_000045,DRUG_000048
INF_0000001,EV_0000005,SUPPORTING_GRAPH_EDGE,E_SE_01192349,DRUG_000045,DRUG_000048
INF_0000002,EV_0000006,SUPPORTING_GRAPH_EDGE,E_DDI_000001,DRUG_001202,DRUG_000302
INF_0000005,EV_0000007,SUPPORTING_GRAPH_EDGE,E_DDI_166133,DRUG_000006,DRUG_000048
INF_0000005,EV_0000008,SUPPORTING_GRAPH_EDGE,E_SE_02061836,DRUG_000006,DRUG_000048
INF_0000005,EV_0000009,SUPPORTING_GRAPH_EDGE,E_SE_02061837,DRUG_000006,DRUG_000048
INF_0000005,EV_0000010,SUPPORTING_GRAPH_EDGE,E_SE_02061838,DRUG_000006,DRUG_000048
INF_0000005,EV_0000011,SUPPORTING_GRAPH_EDGE,E_SE_02061839,DRUG_000006,DRUG_000048
INF_0000005,EV_0000012,SUPPORTING_GRAPH_EDGE,E_SE_02061840,DRUG_000006,DRUG_000048
INF_0000006,EV_0000013,SUPPORTING_GRAPH_EDGE,E_DDI_000002,DRUG_000653,DRUG_000302
INF_0000007,EV_0000014,SUPPORTING_GRAPH_EDGE,E_DDI_000003,DRUG_001642,DRUG_000302
INF_0000008,EV_0000015,SUPPORTING_GRAPH_EDGE,E_DDI_000004,DRUG_001148,DRUG_000302
INF_0000009,EV_0000016,SUPPORTING_GRAPH_EDGE,E_DDI_000005,DRUG_001482,DRUG_000302
INF_0000010,EV_0000017,SUPPORTING_GRAPH_EDGE,E_DDI_000006,DRUG_001678,DRUG_000302
INF_0000011,EV_0000018,SUPPORTING_GRAPH_EDGE,E_DDI_000007,DRUG_000383,DRUG_000302
INF_0000012,EV_0000019,SUPPORTING_GRAPH_EDGE,E_DDI_000008,DRUG_001293,DRUG_000302
INF_0000013,EV_0000020,SUPPORTING_GRAPH_EDGE,E_DDI_000009,DRUG_001178,DRUG_000302
INF_0000014,EV_0000021,SUPPORTING_GRAPH_EDGE,E_DDI_000010,DRUG_000015,DRUG_000302
INF_0000015,EV_0000022,SUPPORTING_GRAPH_EDGE,E_DDI_000011,DRUG_000623,DRUG_000302
INF_0000016,EV_0000023,SUPPORTING_GRAPH_EDGE,E_DDI_000012,DRUG_001438,DRUG_001662
INF_0000017,EV_0000024,SUPPORTING_GRAPH_EDGE,E_DDI_000013,DRUG_001438,DRUG_000263
INF_0000018,EV_0000025,SUPPORTING_GRAPH_EDGE,E_DDI_000014,DRUG_000485,DRUG_001267
INF_0000019,EV_0000026,SUPPORTING_GRAPH_EDGE,E_DDI_000015,DRUG_000886,DRUG_001267
INF_0000020,EV_0000027,SUPPORTING_GRAPH_EDGE,E_DDI_000016,DRUG_000231,DRUG_000350
INF_0000021,EV_0000028,SUPPORTING_GRAPH_EDGE,E_DDI_000017,DRUG_001520,DRUG_000861
INF_0000022,EV_0000029,SUPPORTING_GRAPH_EDGE,E_DDI_000018,DRUG_000843,DRUG_000931
INF_0000023,EV_0000030,SUPPORTING_GRAPH_EDGE,E_DDI_000019,DRUG_000231,DRUG_000304
INF_0000024,EV_0000031,SUPPORTING_GRAPH_EDGE,E_DDI_000020,DRUG_001438,DRUG_000540
INF_0000025,EV_0000032,SUPPORTING_GRAPH_EDGE,E_DDI_000021,DRUG_001089,DRUG_000613
INF_0000026,EV_0000033,SUPPORTING_GRAPH_EDGE,E_DDI_000022,DRUG_000767,DRUG_000176
INF_0000027,EV_0000034,SUPPORTING_GRAPH_EDGE,E_DDI_000023,DRUG_000274,DRUG_000608
INF_0000028,EV_0000035,SUPPORTING_GRAPH_EDGE,E_DDI_000024,DRUG_000231,DRUG_000485
INF_0000029,EV_0000036,SUPPORTING_GRAPH_EDGE,E_DDI_000025,DRUG_001089,DRUG_000335
INF_0000029,EV_0000037,SUPPORTING_GRAPH_EDGE,E_SE_03366410,DRUG_001089,DRUG_000335
INF_0000029,EV_0000038,SUPPORTING_GRAPH_EDGE,E_SE_03366411,DRUG_001089,DRUG_000335
INF_0000029,EV_0000039,SUPPORTING_GRAPH_EDGE,E_SE_03366412,DRUG_001089,DRUG_000335
INF_0000029,EV_0000040,SUPPORTING_GRAPH_EDGE,E_SE_03366413,DRUG_001089,DRUG_000335
INF_0000029,EV_0000041,SUPPORTING_GRAPH_EDGE,E_SE_03366414,DRUG_001089,DRUG_000335
INF_0000030,EV_0000042,SUPPORTING_GRAPH_EDGE,E_DDI_000026,DRUG_001438,DRUG_001089
INF_0000031,EV_0000043,SUPPORTING_GRAPH_EDGE,E_DDI_000027,DRUG_001270,DRUG_000035
INF_0000032,EV_0000044,SUPPORTING_GRAPH_EDGE,E_DDI_000028,DRUG_001520,DRUG_001335
INF_0000033,EV_0000045,SUPPORTING_GRAPH_EDGE,E_DDI_000029,DRUG_001089,DRUG_000749
INF_0000033,EV_0000046,SUPPORTING_GRAPH_EDGE,E_SE_04059612,DRUG_001089,DRUG_000749
INF_0000033,EV_0000047,SUPPORTING_GRAPH_EDGE,E_SE_04059613,DRUG_001089,DRUG_000749
INF_0000033,EV_0000048,SUPPORTING_GRAPH_EDGE,E_SE_04059614,DRUG_001089,DRUG_000749
INF_0000033,EV_0000049,SUPPORTING_GRAPH_EDGE,E_SE_04059615,DRUG_001089,DRUG_000749
INF_0000033,EV_0000050,SUPPORTING_GRAPH_EDGE,E_SE_04059616,DRUG_001089,DRUG_000749
INF_0000034,EV_0000051,SUPPORTING_GRAPH_EDGE,E_DDI_000030,DRUG_000231,DRUG_000071
INF_0000035,EV_0000052,SUPPORTING_GRAPH_EDGE,E_DDI_000031,DRUG_000209,DRUG_000815
INF_0000036,EV_0000053,SUPPORTING_GRAPH_EDGE,E_DDI_000032,DRUG_000767,DRUG_000485
INF_0000037,EV_0000054,SUPPORTING_GRAPH_EDGE,E_DDI_000033,DRUG_000350,DRUG_001267
INF_0000038,EV_0000055,SUPPORTING_GRAPH_EDGE,E_DDI_000034,DRUG_001520,DRUG_001053
INF_0000039,EV_0000056,SUPPORTING_GRAPH_EDGE,E_DDI_000035,DRUG_000130,DRUG_001002
INF_0000040,EV_0000057,SUPPORTING_GRAPH_EDGE,E_DDI_000036,DRUG_000767,DRUG_000861
INF_0000041,EV_0000058,SUPPORTING_GRAPH_EDGE,E_DDI_000037,DRUG_000209,DRUG_000931
INF_0000042,EV_0000059,SUPPORTING_GRAPH_EDGE,E_DDI_000038,DRUG_001438,DRUG_000227
INF_0000043,EV_0000060,SUPPORTING_GRAPH_EDGE,E_DDI_000039,DRUG_000227,DRUG_001267
INF_0000044,EV_0000061,SUPPORTING_GRAPH_EDGE,E_DDI_000040,DRUG_001089,DRUG_000814
INF_0000044,EV_0000062,SUPPORTING_GRAPH_EDGE,E_SE_03042729,DRUG_001089,DRUG_000814
INF_0000044,EV_0000063,SUPPORTING_GRAPH_EDGE,E_SE_03042730,DRUG_001089,DRUG_000814
INF_0000044,EV_0000064,SUPPORTING_GRAPH_EDGE,E_SE_03042731,DRUG_001089,DRUG_000814
INF_0000044,EV_0000065,SUPPORTING_GRAPH_EDGE,E_SE_03042732,DRUG_001089,DRUG_000814
INF_0000044,EV_0000066,SUPPORTING_GRAPH_EDGE,E_SE_03042733,DRUG_001089,DRUG_000814
INF_0000045,EV_0000067,SUPPORTING_GRAPH_EDGE,E_DDI_000041,DRUG_000474,DRUG_001267
INF_0000046,EV_0000068,SUPPORTING_GRAPH_EDGE,E_DDI_000042,DRUG_001438,DRUG_000861
INF_0000047,EV_0000069,SUPPORTING_GRAPH_EDGE,E_DDI_000043,DRUG_001142,DRUG_001267
INF_0000048,EV_0000070,SUPPORTING_GRAPH_EDGE,E_DDI_000044,DRUG_001520,DRUG_000264
INF_0000049,EV_0000071,SUPPORTING_GRAPH_EDGE,E_DDI_000045,DRUG_001438,DRUG_000725
INF_0000050,EV_0000072,SUPPORTING_GRAPH_EDGE,E_DDI_000046,DRUG_001520,DRUG_001622
INF_0000051,EV_0000073,SUPPORTING_GRAPH_EDGE,E_DDI_000047,DRUG_000274,DRUG_001002
INF_0000052,EV_0000074,SUPPORTING_GRAPH_EDGE,E_DDI_000048,DRUG_000588,DRUG_001267
INF_0000053,EV_0000075,SUPPORTING_GRAPH_EDGE,E_DDI_000049,DRUG_000767,DRUG_000540
INF_0000054,EV_0000076,SUPPORTING_GRAPH_EDGE,E_DDI_000050,DRUG_001438,DRUG_000588
INF_0000055,EV_0000077,SUPPORTING_GRAPH_EDGE,E_SE_00000001,DRUG_001738,DRUG_000616
INF_0000055,EV_0000078,SUPPORTING_GRAPH_EDGE,E_SE_00000002,DRUG_001738,DRUG_000616
INF_0000055,EV_0000079,SUPPORTING_GRAPH_EDGE,E_SE_00000003,DRUG_001738,DRUG_000616
INF_0000055,EV_0000080,SUPPORTING_GRAPH_EDGE,E_SE_00000004,DRUG_001738,DRUG_000616
INF_0000055,EV_0000081,SUPPORTING_GRAPH_EDGE,E_SE_00000005,DRUG_001738,DRUG_000616
INF_0000056,EV_0000082,SUPPORTING_GRAPH_EDGE,E_SE_00000057,DRUG_000992,DRUG_000983
INF_0000056,EV_0000083,SUPPORTING_GRAPH_EDGE,E_SE_00000058,DRUG_000992,DRUG_000983
INF_0000056,EV_0000084,SUPPORTING_GRAPH_EDGE,E_SE_00000059,DRUG_000992,DRUG_000983
INF_0000056,EV_0000085,SUPPORTING_GRAPH_EDGE,E_SE_00000060,DRUG_000992,DRUG_000983
INF_0000056,EV_0000086,SUPPORTING_GRAPH_EDGE,E_SE_00000061,DRUG_000992,DRUG_000983
INF_0000057,EV_0000087,SUPPORTING_GRAPH_EDGE,E_SE_00000069,DRUG_000422,DRUG_000150
INF_0000057,EV_0000088,SUPPORTING_GRAPH_EDGE,E_SE_00000070,DRUG_000422,DRUG_000150
INF_0000057,EV_0000089,SUPPORTING_GRAPH_EDGE,E_SE_00000071,DRUG_000422,DRUG_000150
INF_0000057,EV_0000090,SUPPORTING_GRAPH_EDGE,E_SE_00000072,DRUG_000422,DRUG_000150
INF_0000057,EV_0000091,SUPPORTING_GRAPH_EDGE,E_SE_00000073,DRUG_000422,DRUG_000150
INF_0000058,EV_0000092,SUPPORTING_GRAPH_EDGE,E_SE_00000093,DRUG_000592,DRUG_000614
INF_0000058,EV_0000093,SUPPORTING_GRAPH_EDGE,E_SE_00000094,DRUG_000592,DRUG_000614
INF_0000058,EV_0000094,SUPPORTING_GRAPH_EDGE,E_SE_00000095,DRUG_000592,DRUG_000614
INF_0000058,EV_0000095,SUPPORTING_GRAPH_EDGE,E_SE_00000096,DRUG_000592,DRUG_000614
INF_0000058,EV_0000096,SUPPORTING_GRAPH_EDGE,E_SE_00000097,DRUG_000592,DRUG_000614
INF_0000059,EV_0000097,SUPPORTING_GRAPH_EDGE,E_SE_00000227,DRUG_000258,DRUG_001786
INF_0000059,EV_0000098,SUPPORTING_GRAPH_EDGE,E_SE_00000228,DRUG_000258,DRUG_001786
INF_0000059,EV_0000099,SUPPORTING_GRAPH_EDGE,E_SE_00000229,DRUG_000258,DRUG_001786
INF_0000059,EV_0000100,SUPPORTING_GRAPH_EDGE,E_SE_00000230,DRUG_000258,DRUG_001786
INF_0000059,EV_0000101,SUPPORTING_GRAPH_EDGE,E_SE_00000231,DRUG_000258,DRUG_001786
INF_0000060,EV_0000102,SUPPORTING_GRAPH_EDGE,E_SE_00000281,DRUG_000936,DRUG_000490
INF_0000060,EV_0000103,SUPPORTING_GRAPH_EDGE,E_SE_00000282,DRUG_000936,DRUG_000490
INF_0000060,EV_0000104,SUPPORTING_GRAPH_EDGE,E_SE_00000283,DRUG_000936,DRUG_000490
INF_0000060,EV_0000105,SUPPORTING_GRAPH_EDGE,E_SE_00000284,DRUG_000936,DRUG_000490
INF_0000060,EV_0000106,SUPPORTING_GRAPH_EDGE,E_SE_00000285,DRUG_000936,DRUG_000490
INF_0000061,EV_0000107,SUPPORTING_GRAPH_EDGE,E_SE_00000326,DRUG_001779,DRUG_000688
INF_0000061,EV_0000108,SUPPORTING_GRAPH_EDGE,E_SE_00000327,DRUG_001779,DRUG_000688
INF_0000061,EV_0000109,SUPPORTING_GRAPH_EDGE,E_SE_00000328,DRUG_001779,DRUG_000688
INF_0000061,EV_0000110,SUPPORTING_GRAPH_EDGE,E_SE_00000329,DRUG_001779,DRUG_000688
INF_0000061,EV_0000111,SUPPORTING_GRAPH_EDGE,E_SE_00000330,DRUG_001779,DRUG_000688
INF_0000062,EV_0000112,SUPPORTING_GRAPH_EDGE,E_SE_00000470,DRUG_000399,DRUG_001810
INF_0000062,EV_0000113,SUPPORTING_GRAPH_EDGE,E_SE_00000471,DRUG_000399,DRUG_001810
INF_0000062,EV_0000114,SUPPORTING_GRAPH_EDGE,E_SE_00000472,DRUG_000399,DRUG_001810
INF_0000062,EV_0000115,SUPPORTING_GRAPH_EDGE,E_SE_00000473,DRUG_000399,DRUG_001810
INF_0000062,EV_0000116,SUPPORTING_GRAPH_EDGE,E_SE_00000474,DRUG_000399,DRUG_001810
INF_0000063,EV_0000117,SUPPORTING_GRAPH_EDGE,E_DDI_107695,DRUG_000082,DRUG_000535
INF_0000063,EV_0000118,SUPPORTING_GRAPH_EDGE,E_SE_00000534,DRUG_000082,DRUG_000535
INF_0000063,EV_0000119,SUPPORTING_GRAPH_EDGE,E_SE_00000535,DRUG_000082,DRUG_000535
INF_0000063,EV_0000120,SUPPORTING_GRAPH_EDGE,E_SE_00000536,DRUG_000082,DRUG_000535
INF_0000063,EV_0000121,SUPPORTING_GRAPH_EDGE,E_SE_00000537,DRUG_000082,DRUG_000535
INF_0000063,EV_0000122,SUPPORTING_GRAPH_EDGE,E_SE_00000538,DRUG_000082,DRUG_000535
INF_0000064,EV_0000123,SUPPORTING_GRAPH_EDGE,E_SE_00000570,DRUG_000840,DRUG_001831
INF_0000064,EV_0000124,SUPPORTING_GRAPH_EDGE,E_SE_00000571,DRUG_000840,DRUG_001831
INF_0000064,EV_0000125,SUPPORTING_GRAPH_EDGE,E_SE_00000572,DRUG_000840,DRUG_001831
INF_0000064,EV_0000126,SUPPORTING_GRAPH_EDGE,E_SE_00000573,DRUG_000840,DRUG_001831
INF_0000064,EV_0000127,SUPPORTING_GRAPH_EDGE,E_SE_00000574,DRUG_000840,DRUG_001831
INF_0000065,EV_0000128,SUPPORTING_GRAPH_EDGE,E_SE_00000629,DRUG_000964,DRUG_000872
INF_0000065,EV_0000129,SUPPORTING_GRAPH_EDGE,E_SE_00000630,DRUG_000964,DRUG_000872
INF_0000065,EV_0000130,SUPPORTING_GRAPH_EDGE,E_SE_00000631,DRUG_000964,DRUG_000872
INF_0000065,EV_0000131,SUPPORTING_GRAPH_EDGE,E_SE_00000632,DRUG_000964,DRUG_000872
INF_0000065,EV_0000132,SUPPORTING_GRAPH_EDGE,E_SE_00000633,DRUG_000964,DRUG_000872
INF_0000066,EV_0000133,SUPPORTING_GRAPH_EDGE,E_SE_00000685,DRUG_000768,DRUG_000334
INF_0000066,EV_0000134,SUPPORTING_GRAPH_EDGE,E_SE_00000686,DRUG_000768,DRUG_000334
INF_0000066,EV_0000135,SUPPORTING_GRAPH_EDGE,E_SE_00000687,DRUG_000768,DRUG_000334
INF_0000066,EV_0000136,SUPPORTING_GRAPH_EDGE,E_SE_00000688,DRUG_000768,DRUG_000334
INF_0000066,EV_0000137,SUPPORTING_GRAPH_EDGE,E_SE_00000689,DRUG_000768,DRUG_000334
INF_0000067,EV_0000138,SUPPORTING_GRAPH_EDGE,E_SE_00000702,DRUG_001180,DRUG_000559
INF_0000067,EV_0000139,SUPPORTING_GRAPH_EDGE,E_SE_00000703,DRUG_001180,DRUG_000559
INF_0000067,EV_0000140,SUPPORTING_GRAPH_EDGE,E_SE_00000704,DRUG_001180,DRUG_000559
INF_0000067,EV_0000141,SUPPORTING_GRAPH_EDGE,E_SE_00000705,DRUG_001180,DRUG_000559
INF_0000068,EV_0000142,SUPPORTING_GRAPH_EDGE,E_SE_00000706,DRUG_000021,DRUG_000993
INF_0000068,EV_0000143,SUPPORTING_GRAPH_EDGE,E_SE_00000707,DRUG_000021,DRUG_000993
INF_0000068,EV_0000144,SUPPORTING_GRAPH_EDGE,E_SE_00000708,DRUG_000021,DRUG_000993
INF_0000068,EV_0000145,SUPPORTING_GRAPH_EDGE,E_SE_00000709,DRUG_000021,DRUG_000993
INF_0000068,EV_0000146,SUPPORTING_GRAPH_EDGE,E_SE_00000710,DRUG_000021,DRUG_000993
INF_0000069,EV_0000147,SUPPORTING_GRAPH_EDGE,E_SE_00000779,DRUG_000775,DRUG_000715
INF_0000069,EV_0000148,SUPPORTING_GRAPH_EDGE,E_SE_00000780,DRUG_000775,DRUG_000715
INF_0000069,EV_0000149,SUPPORTING_GRAPH_EDGE,E_SE_00000781,DRUG_000775,DRUG_000715
INF_0000069,EV_0000150,SUPPORTING_GRAPH_EDGE,E_SE_00000782,DRUG_000775,DRUG_000715
INF_0000069,EV_0000151,SUPPORTING_GRAPH_EDGE,E_SE_00000783,DRUG_000775,DRUG_000715
INF_0000070,EV_0000152,SUPPORTING_GRAPH_EDGE,E_DDI_096836,DRUG_000262,DRUG_000273
INF_0000070,EV_0000153,SUPPORTING_GRAPH_EDGE,E_SE_00000974,DRUG_000262,DRUG_000273
INF_0000070,EV_0000154,SUPPORTING_GRAPH_EDGE,E_SE_00000975,DRUG_000262,DRUG_000273
INF_0000070,EV_0000155,SUPPORTING_GRAPH_EDGE,E_SE_00000976,DRUG_000262,DRUG_000273
INF_0000070,EV_0000156,SUPPORTING_GRAPH_EDGE,E_SE_00000977,DRUG_000262,DRUG_000273
INF_0000070,EV_0000157,SUPPORTING_GRAPH_EDGE,E_SE_00000978,DRUG_000262,DRUG_000273
INF_0000071,EV_0000158,SUPPORTING_GRAPH_EDGE,E_SE_00001059,DRUG_001758,DRUG_000054
INF_0000071,EV_0000159,SUPPORTING_GRAPH_EDGE,E_SE_00001060,DRUG_001758,DRUG_000054
INF_0000071,EV_0000160,SUPPORTING_GRAPH_EDGE,E_SE_00001061,DRUG_001758,DRUG_000054
INF_0000071,EV_0000161,SUPPORTING_GRAPH_EDGE,E_SE_00001062,DRUG_001758,DRUG_000054
INF_0000071,EV_0000162,SUPPORTING_GRAPH_EDGE,E_SE_00001063,DRUG_001758,DRUG_000054
INF_0000072,EV_0000163,SUPPORTING_GRAPH_EDGE,E_SE_00001092,DRUG_000806,DRUG_001764
INF_0000072,EV_0000164,SUPPORTING_GRAPH_EDGE,E_SE_00001093,DRUG_000806,DRUG_001764
INF_0000072,EV_0000165,SUPPORTING_GRAPH_EDGE,E_SE_00001094,DRUG_000806,DRUG_001764
INF_0000072,EV_0000166,SUPPORTING_GRAPH_EDGE,E_SE_00001095,DRUG_000806,DRUG_001764
INF_0000072,EV_0000167,SUPPORTING_GRAPH_EDGE,E_SE_00001096,DRUG_000806,DRUG_001764
INF_0000073,EV_0000168,SUPPORTING_GRAPH_EDGE,E_SE_00001186,DRUG_000688,DRUG_000459
INF_0000073,EV_0000169,SUPPORTING_GRAPH_EDGE,E_SE_00001187,DRUG_000688,DRUG_000459
INF_0000073,EV_0000170,SUPPORTING_GRAPH_EDGE,E_SE_00001188,DRUG_000688,DRUG_000459
INF_0000073,EV_0000171,SUPPORTING_GRAPH_EDGE,E_SE_00001189,DRUG_000688,DRUG_000459
INF_0000073,EV_0000172,SUPPORTING_GRAPH_EDGE,E_SE_00001190,DRUG_000688,DRUG_000459
INF_0000074,EV_0000173,SUPPORTING_GRAPH_EDGE,E_SE_00001341,DRUG_001737,DRUG_000963
INF_0000074,EV_0000174,SUPPORTING_GRAPH_EDGE,E_SE_00001342,DRUG_001737,DRUG_000963
INF_0000074,EV_0000175,SUPPORTING_GRAPH_EDGE,E_SE_00001343,DRUG_001737,DRUG_000963
INF_0000074,EV_0000176,SUPPORTING_GRAPH_EDGE,E_SE_00001344,DRUG_001737,DRUG_000963
INF_0000074,EV_0000177,SUPPORTING_GRAPH_EDGE,E_SE_00001345,DRUG_001737,DRUG_000963
INF_0000075,EV_0000178,SUPPORTING_GRAPH_EDGE,E_SE_00001422,DRUG_000366,DRUG_000616
INF_0000075,EV_0000179,SUPPORTING_GRAPH_EDGE,E_SE_00001423,DRUG_000366,DRUG_000616
INF_0000075,EV_0000180,SUPPORTING_GRAPH_EDGE,E_SE_00001424,DRUG_000366,DRUG_000616
INF_0000075,EV_0000181,SUPPORTING_GRAPH_EDGE,E_SE_00001425,DRUG_000366,DRUG_000616
INF_0000075,EV_0000182,SUPPORTING_GRAPH_EDGE,E_SE_00001426,DRUG_000366,DRUG_000616
INF_0000076,EV_0000183,SUPPORTING_GRAPH_EDGE,E_SE_00001532,DRUG_000497,DRUG_001807
INF_0000076,EV_0000184,SUPPORTING_GRAPH_EDGE,E_SE_00001533,DRUG_000497,DRUG_001807
INF_0000076,EV_0000185,SUPPORTING_GRAPH_EDGE,E_SE_00001534,DRUG_000497,DRUG_001807
INF_0000076,EV_0000186,SUPPORTING_GRAPH_EDGE,E_SE_00001535,DRUG_000497,DRUG_001807
INF_0000076,EV_0000187,SUPPORTING_GRAPH_EDGE,E_SE_00001536,DRUG_000497,DRUG_001807
INF_0000077,EV_0000188,SUPPORTING_GRAPH_EDGE,E_SE_00001553,DRUG_000366,DRUG_000733
INF_0000077,EV_0000189,SUPPORTING_GRAPH_EDGE,E_SE_00001554,DRUG_000366,DRUG_000733
INF_0000077,EV_0000190,SUPPORTING_GRAPH_EDGE,E_SE_00001555,DRUG_000366,DRUG_000733
INF_0000077,EV_0000191,SUPPORTING_GRAPH_EDGE,E_SE_00001556,DRUG_000366,DRUG_000733
INF_0000077,EV_0000192,SUPPORTING_GRAPH_EDGE,E_SE_00001557,DRUG_000366,DRUG_000733
INF_0000078,EV_0000193,SUPPORTING_GRAPH_EDGE,E_SE_00001596,DRUG_000483,DRUG_001744
INF_0000078,EV_0000194,SUPPORTING_GRAPH_EDGE,E_SE_00001597,DRUG_000483,DRUG_001744
INF_0000078,EV_0000195,SUPPORTING_GRAPH_EDGE,E_SE_00001598,DRUG_000483,DRUG_001744
INF_0000078,EV_0000196,SUPPORTING_GRAPH_EDGE,E_SE_00001599,DRUG_000483,DRUG_001744
INF_0000078,EV_0000197,SUPPORTING_GRAPH_EDGE,E_SE_00001600,DRUG_000483,DRUG_001744
INF_0000079,EV_0000198,SUPPORTING_GRAPH_EDGE,E_SE_00001675,DRUG_000621,DRUG_001784
INF_0000079,EV_0000199,SUPPORTING_GRAPH_EDGE,E_SE_00001676,DRUG_000621,DRUG_001784
INF_0000079,EV_0000200,SUPPORTING_GRAPH_EDGE,E_SE_00001677,DRUG_000621,DRUG_001784
INF_0000079,EV_0000201,SUPPORTING_GRAPH_EDGE,E_SE_00001678,DRUG_000621,DRUG_001784
INF_0000079,EV_0000202,SUPPORTING_GRAPH_EDGE,E_SE_00001679,DRUG_000621,DRUG_001784
INF_0000080,EV_0000203,SUPPORTING_GRAPH_EDGE,E_SE_00001696,DRUG_000236,DRUG_001807
INF_0000080,EV_0000204,SUPPORTING_GRAPH_EDGE,E_SE_00001697,DRUG_000236,DRUG_001807
INF_0000080,EV_0000205,SUPPORTING_GRAPH_EDGE,E_SE_00001698,DRUG_000236,DRUG_001807
INF_0000080,EV_0000206,SUPPORTING_GRAPH_EDGE,E_SE_00001699,DRUG_000236,DRUG_001807
INF_0000080,EV_0000207,SUPPORTING_GRAPH_EDGE,E_SE_00001700,DRUG_000236,DRUG_001807
INF_0000081,EV_0000208,SUPPORTING_GRAPH_EDGE,E_SE_00001726,DRUG_000217,DRUG_001835
INF_0000081,EV_0000209,SUPPORTING_GRAPH_EDGE,E_SE_00001727,DRUG_000217,DRUG_001835
INF_0000081,EV_0000210,SUPPORTING_GRAPH_EDGE,E_SE_00001728,DRUG_000217,DRUG_001835
INF_0000081,EV_0000211,SUPPORTING_GRAPH_EDGE,E_SE_00001729,DRUG_000217,DRUG_001835
INF_0000081,EV_0000212,SUPPORTING_GRAPH_EDGE,E_SE_00001730,DRUG_000217,DRUG_001835
INF_0000082,EV_0000213,SUPPORTING_GRAPH_EDGE,E_SE_00001770,DRUG_000532,DRUG_001826
INF_0000082,EV_0000214,SUPPORTING_GRAPH_EDGE,E_SE_00001771,DRUG_000532,DRUG_001826
INF_0000082,EV_0000215,SUPPORTING_GRAPH_EDGE,E_SE_00001772,DRUG_000532,DRUG_001826
INF_0000082,EV_0000216,SUPPORTING_GRAPH_EDGE,E_SE_00001773,DRUG_000532,DRUG_001826
INF_0000082,EV_0000217,SUPPORTING_GRAPH_EDGE,E_SE_00001774,DRUG_000532,DRUG_001826
INF_0000083,EV_0000218,SUPPORTING_GRAPH_EDGE,E_SE_00001910,DRUG_000261,DRUG_000046
INF_0000083,EV_0000219,SUPPORTING_GRAPH_EDGE,E_SE_00001911,DRUG_000261,DRUG_000046
INF_0000083,EV_0000220,SUPPORTING_GRAPH_EDGE,E_SE_00001912,DRUG_000261,DRUG_000046
INF_0000083,EV_0000221,SUPPORTING_GRAPH_EDGE,E_SE_00001913,DRUG_000261,DRUG_000046
INF_0000083,EV_0000222,SUPPORTING_GRAPH_EDGE,E_SE_00001914,DRUG_000261,DRUG_000046
INF_0000084,EV_0000223,SUPPORTING_GRAPH_EDGE,E_SE_00002052,DRUG_000300,DRUG_000392
INF_0000084,EV_0000224,SUPPORTING_GRAPH_EDGE,E_SE_00002053,DRUG_000300,DRUG_000392
INF_0000084,EV_0000225,SUPPORTING_GRAPH_EDGE,E_SE_00002054,DRUG_000300,DRUG_000392
INF_0000084,EV_0000226,SUPPORTING_GRAPH_EDGE,E_SE_00002055,DRUG_000300,DRUG_000392
INF_0000084,EV_0000227,SUPPORTING_GRAPH_EDGE,E_SE_00002056,DRUG_000300,DRUG_000392
INF_0000085,EV_0000228,SUPPORTING_GRAPH_EDGE,E_SE_00002124,DRUG_000868,DRUG_001769
INF_0000085,EV_0000229,SUPPORTING_GRAPH_EDGE,E_SE_00002125,DRUG_000868,DRUG_001769
INF_0000085,EV_0000230,SUPPORTING_GRAPH_EDGE,E_SE_00002126,DRUG_000868,DRUG_001769
INF_0000085,EV_0000231,SUPPORTING_GRAPH_EDGE,E_SE_00002127,DRUG_000868,DRUG_001769
INF_0000085,EV_0000232,SUPPORTING_GRAPH_EDGE,E_SE_00002128,DRUG_000868,DRUG_001769
INF_0000086,EV_0000233,SUPPORTING_GRAPH_EDGE,E_SE_00002132,DRUG_000293,DRUG_000859
INF_0000086,EV_0000234,SUPPORTING_GRAPH_EDGE,E_SE_00002133,DRUG_000293,DRUG_000859
INF_0000086,EV_0000235,SUPPORTING_GRAPH_EDGE,E_SE_00002134,DRUG_000293,DRUG_000859
INF_0000086,EV_0000236,SUPPORTING_GRAPH_EDGE,E_SE_00002135,DRUG_000293,DRUG_000859
INF_0000086,EV_0000237,SUPPORTING_GRAPH_EDGE,E_SE_00002136,DRUG_000293,DRUG_000859
INF_0000087,EV_0000238,SUPPORTING_GRAPH_EDGE,E_SE_00002194,DRUG_000775,DRUG_001795
INF_0000087,EV_0000239,SUPPORTING_GRAPH_EDGE,E_SE_00002195,DRUG_000775,DRUG_001795
INF_0000087,EV_0000240,SUPPORTING_GRAPH_EDGE,E_SE_00002196,DRUG_000775,DRUG_001795
INF_0000087,EV_0000241,SUPPORTING_GRAPH_EDGE,E_SE_00002197,DRUG_000775,DRUG_001795
INF_0000087,EV_0000242,SUPPORTING_GRAPH_EDGE,E_SE_00002198,DRUG_000775,DRUG_001795
INF_0000088,EV_0000243,SUPPORTING_GRAPH_EDGE,E_DDI_081753,DRUG_000300,DRUG_000962
INF_0000088,EV_0000244,SUPPORTING_GRAPH_EDGE,E_SE_00002350,DRUG_000300,DRUG_000962
INF_0000088,EV_0000245,SUPPORTING_GRAPH_EDGE,E_SE_00002351,DRUG_000300,DRUG_000962
INF_0000088,EV_0000246,SUPPORTING_GRAPH_EDGE,E_SE_00002352,DRUG_000300,DRUG_000962
INF_0000088,EV_0000247,SUPPORTING_GRAPH_EDGE,E_SE_00002353,DRUG_000300,DRUG_000962
INF_0000088,EV_0000248,SUPPORTING_GRAPH_EDGE,E_SE_00002354,DRUG_000300,DRUG_000962
INF_0000089,EV_0000249,SUPPORTING_GRAPH_EDGE,E_SE_00002370,DRUG_000305,DRUG_001807
INF_0000089,EV_0000250,SUPPORTING_GRAPH_EDGE,E_SE_00002371,DRUG_000305,DRUG_001807
INF_0000089,EV_0000251,SUPPORTING_GRAPH_EDGE,E_SE_00002372,DRUG_000305,DRUG_001807
INF_0000089,EV_0000252,SUPPORTING_GRAPH_EDGE,E_SE_00002373,DRUG_000305,DRUG_001807
INF_0000089,EV_0000253,SUPPORTING_GRAPH_EDGE,E_SE_00002374,DRUG_000305,DRUG_001807
INF_0000090,EV_0000254,SUPPORTING_GRAPH_EDGE,E_SE_00002437,DRUG_001003,DRUG_000715
INF_0000090,EV_0000255,SUPPORTING_GRAPH_EDGE,E_SE_00002438,DRUG_001003,DRUG_000715
INF_0000090,EV_0000256,SUPPORTING_GRAPH_EDGE,E_SE_00002439,DRUG_001003,DRUG_000715
INF_0000090,EV_0000257,SUPPORTING_GRAPH_EDGE,E_SE_00002440,DRUG_001003,DRUG_000715
INF_0000090,EV_0000258,SUPPORTING_GRAPH_EDGE,E_SE_00002441,DRUG_001003,DRUG_000715
INF_0000091,EV_0000259,SUPPORTING_GRAPH_EDGE,E_SE_00002477,DRUG_000469,DRUG_000031
INF_0000091,EV_0000260,SUPPORTING_GRAPH_EDGE,E_SE_00002478,DRUG_000469,DRUG_000031
INF_0000091,EV_0000261,SUPPORTING_GRAPH_EDGE,E_SE_00002479,DRUG_000469,DRUG_000031
INF_0000091,EV_0000262,SUPPORTING_GRAPH_EDGE,E_SE_00002480,DRUG_000469,DRUG_000031
INF_0000091,EV_0000263,SUPPORTING_GRAPH_EDGE,E_SE_00002481,DRUG_000469,DRUG_000031
INF_0000092,EV_0000264,SUPPORTING_GRAPH_EDGE,E_SE_00002531,DRUG_000469,DRUG_000660
INF_0000092,EV_0000265,SUPPORTING_GRAPH_EDGE,E_SE_00002532,DRUG_000469,DRUG_000660
INF_0000092,EV_0000266,SUPPORTING_GRAPH_EDGE,E_SE_00002533,DRUG_000469,DRUG_000660
INF_0000092,EV_0000267,SUPPORTING_GRAPH_EDGE,E_SE_00002534,DRUG_000469,DRUG_000660
INF_0000092,EV_0000268,SUPPORTING_GRAPH_EDGE,E_SE_00002535,DRUG_000469,DRUG_000660
INF_0000093,EV_0000269,SUPPORTING_GRAPH_EDGE,E_DDI_144026,DRUG_000675,DRUG_001491
INF_0000093,EV_0000270,SUPPORTING_GRAPH_EDGE,E_SE_00002557,DRUG_000675,DRUG_001491
INF_0000093,EV_0000271,SUPPORTING_GRAPH_EDGE,E_SE_00002558,DRUG_000675,DRUG_001491
INF_0000093,EV_0000272,SUPPORTING_GRAPH_EDGE,E_SE_00002559,DRUG_000675,DRUG_001491
INF_0000093,EV_0000273,SUPPORTING_GRAPH_EDGE,E_SE_00002560,DRUG_000675,DRUG_001491
INF_0000093,EV_0000274,SUPPORTING_GRAPH_EDGE,E_SE_00002561,DRUG_000675,DRUG_001491
INF_0000094,EV_0000275,SUPPORTING_GRAPH_EDGE,E_SE_00002573,DRUG_000975,DRUG_000176
INF_0000094,EV_0000276,SUPPORTING_GRAPH_EDGE,E_SE_00002574,DRUG_000975,DRUG_000176
INF_0000094,EV_0000277,SUPPORTING_GRAPH_EDGE,E_SE_00002575,DRUG_000975,DRUG_000176
INF_0000094,EV_0000278,SUPPORTING_GRAPH_EDGE,E_SE_00002576,DRUG_000975,DRUG_000176
INF_0000094,EV_0000279,SUPPORTING_GRAPH_EDGE,E_SE_00002577,DRUG_000975,DRUG_000176
INF_0000095,EV_0000280,SUPPORTING_GRAPH_EDGE,E_SE_00002622,DRUG_000775,DRUG_001794
INF_0000095,EV_0000281,SUPPORTING_GRAPH_EDGE,E_SE_00002623,DRUG_000775,DRUG_001794
INF_0000095,EV_0000282,SUPPORTING_GRAPH_EDGE,E_SE_00002624,DRUG_000775,DRUG_001794
INF_0000095,EV_0000283,SUPPORTING_GRAPH_EDGE,E_SE_00002625,DRUG_000775,DRUG_001794
INF_0000095,EV_0000284,SUPPORTING_GRAPH_EDGE,E_SE_00002626,DRUG_000775,DRUG_001794
INF_0000096,EV_0000285,SUPPORTING_GRAPH_EDGE,E_SE_00002894,DRUG_000224,DRUG_000313
INF_0000096,EV_0000286,SUPPORTING_GRAPH_EDGE,E_SE_00002895,DRUG_000224,DRUG_000313
INF_0000096,EV_0000287,SUPPORTING_GRAPH_EDGE,E_SE_00002896,DRUG_000224,DRUG_000313
INF_0000096,EV_0000288,SUPPORTING_GRAPH_EDGE,E_SE_00002897,DRUG_000224,DRUG_000313
INF_0000096,EV_0000289,SUPPORTING_GRAPH_EDGE,E_SE_00002898,DRUG_000224,DRUG_000313
INF_0000097,EV_0000290,SUPPORTING_GRAPH_EDGE,E_SE_00002990,DRUG_000070,DRUG_001809
INF_0000097,EV_0000291,SUPPORTING_GRAPH_EDGE,E_SE_00002991,DRUG_000070,DRUG_001809
INF_0000097,EV_0000292,SUPPORTING_GRAPH_EDGE,E_SE_00002992,DRUG_000070,DRUG_001809
INF_0000097,EV_0000293,SUPPORTING_GRAPH_EDGE,E_SE_00002993,DRUG_000070,DRUG_001809
INF_0000097,EV_0000294,SUPPORTING_GRAPH_EDGE,E_SE_00002994,DRUG_000070,DRUG_001809
INF_0000098,EV_0000295,SUPPORTING_GRAPH_EDGE,E_SE_00003133,DRUG_000497,DRUG_001808
INF_0000098,EV_0000296,SUPPORTING_GRAPH_EDGE,E_SE_00003134,DRUG_000497,DRUG_001808
INF_0000098,EV_0000297,SUPPORTING_GRAPH_EDGE,E_SE_00003135,DRUG_000497,DRUG_001808
INF_0000098,EV_0000298,SUPPORTING_GRAPH_EDGE,E_SE_00003136,DRUG_000497,DRUG_001808
INF_0000098,EV_0000299,SUPPORTING_GRAPH_EDGE,E_SE_00003137,DRUG_000497,DRUG_001808
INF_0000099,EV_0000300,SUPPORTING_GRAPH_EDGE,E_SE_00003157,DRUG_000297,DRUG_000511
INF_0000099,EV_0000301,SUPPORTING_GRAPH_EDGE,E_SE_00003158,DRUG_000297,DRUG_000511
INF_0000099,EV_0000302,SUPPORTING_GRAPH_EDGE,E_SE_00003159,DRUG_000297,DRUG_000511
INF_0000099,EV_0000303,SUPPORTING_GRAPH_EDGE,E_SE_00003160,DRUG_000297,DRUG_000511
INF_0000099,EV_0000304,SUPPORTING_GRAPH_EDGE,E_SE_00003161,DRUG_000297,DRUG_000511
INF_0000100,EV_0000305,SUPPORTING_GRAPH_EDGE,E_DDI_179236,DRUG_000693,DRUG_000388
INF_0000100,EV_0000306,SUPPORTING_GRAPH_EDGE,E_SE_00003247,DRUG_000693,DRUG_000388
INF_0000100,EV_0000307,SUPPORTING_GRAPH_EDGE,E_SE_00003248,DRUG_000693,DRUG_000388
INF_0000100,EV_0000308,SUPPORTING_GRAPH_EDGE,E_SE_00003249,DRUG_000693,DRUG_000388
INF_0000100,EV_0000309,SUPPORTING_GRAPH_EDGE,E_SE_00003250,DRUG_000693,DRUG_000388
INF_0000100,EV_0000310,SUPPORTING_GRAPH_EDGE,E_SE_00003251,DRUG_000693,DRUG_000388
INF_0000101,EV_0000311,SUPPORTING_GRAPH_EDGE,E_SE_00003304,DRUG_000395,DRUG_001807
INF_0000101,EV_0000312,SUPPORTING_GRAPH_EDGE,E_SE_00003305,DRUG_000395,DRUG_001807
INF_0000101,EV_0000313,SUPPORTING_GRAPH_EDGE,E_SE_00003306,DRUG_000395,DRUG_001807
INF_0000101,EV_0000314,SUPPORTING_GRAPH_EDGE,E_SE_00003307,DRUG_000395,DRUG_001807
INF_0000101,EV_0000315,SUPPORTING_GRAPH_EDGE,E_SE_00003308,DRUG_000395,DRUG_001807
INF_0000102,EV_0000316,SUPPORTING_GRAPH_EDGE,E_SE_00003470,DRUG_000037,DRUG_000775
INF_0000102,EV_0000317,SUPPORTING_GRAPH_EDGE,E_SE_00003471,DRUG_000037,DRUG_000775
INF_0000102,EV_0000318,SUPPORTING_GRAPH_EDGE,E_SE_00003472,DRUG_000037,DRUG_000775
INF_0000102,EV_0000319,SUPPORTING_GRAPH_EDGE,E_SE_00003473,DRUG_000037,DRUG_000775
INF_0000102,EV_0000320,SUPPORTING_GRAPH_EDGE,E_SE_00003474,DRUG_000037,DRUG_000775
INF_0000103,EV_0000321,SUPPORTING_GRAPH_EDGE,E_DDI_090456,DRUG_000297,DRUG_001144
INF_0000103,EV_0000322,SUPPORTING_GRAPH_EDGE,E_SE_00003550,DRUG_000297,DRUG_001144
INF_0000103,EV_0000323,SUPPORTING_GRAPH_EDGE,E_SE_00003551,DRUG_000297,DRUG_001144
INF_0000103,EV_0000324,SUPPORTING_GRAPH_EDGE,E_SE_00003552,DRUG_000297,DRUG_001144
INF_0000103,EV_0000325,SUPPORTING_GRAPH_EDGE,E_SE_00003553,DRUG_000297,DRUG_001144
INF_0000103,EV_0000326,SUPPORTING_GRAPH_EDGE,E_SE_00003554,DRUG_000297,DRUG_001144
INF_0000104,EV_0000327,SUPPORTING_GRAPH_EDGE,E_DDI_019982,DRUG_000341,DRUG_000993
INF_0000104,EV_0000328,SUPPORTING_GRAPH_EDGE,E_SE_00003565,DRUG_000341,DRUG_000993
INF_0000104,EV_0000329,SUPPORTING_GRAPH_EDGE,E_SE_00003566,DRUG_000341,DRUG_000993
INF_0000104,EV_0000330,SUPPORTING_GRAPH_EDGE,E_SE_00003567,DRUG_000341,DRUG_000993
INF_0000104,EV_0000331,SUPPORTING_GRAPH_EDGE,E_SE_00003568,DRUG_000341,DRUG_000993
INF_0000104,EV_0000332,SUPPORTING_GRAPH_EDGE,E_SE_00003569,DRUG_000341,DRUG_000993
