internal_drug_id,source_dataset,source_drug_id,mapping_confidence
DRUG_000001,drugbank,DB00006,unmapped
DRUG_000002,drugbank,DB00014,MEDIUM_CANONICAL
DRUG_000002,twosides,CID000047725,MEDIUM_CANONICAL
DRUG_000003,drugbank,DB00027,unmapped
DRUG_000004,drugbank,DB00035,unmapped
DRUG_000005,drugbank,DB00080,unmapped
DRUG_000006,drugbank,DB00091,MEDIUM_CANONICAL
DRUG_000006,twosides,CID000002909,MEDIUM_CANONICAL
DRUG_000007,drugbank,DB00104,MEDIUM_CANONICAL
DRUG_000007,twosides,CID000054374,MEDIUM_CANONICAL
DRUG_000008,drugbank,DB00115,unmapped
DRUG_000009,drugbank,DB00120,unmapped
DRUG_000010,drugbank,DB00122,unmapped
DRUG_000011,drugbank,DB00126,unmapped
DRUG_000012,drugbank,DB00130,unmapped
DRUG_000013,drugbank,DB00134,unmapped
DRUG_000014,drugbank,DB00136,MEDIUM_CANONICAL
DRUG_000014,twosides,CID000002524,MEDIUM_CANONICAL
DRUG_000015,drugbank,DB00140,unmapped
DRUG_000016,drugbank,DB00142,unmapped
DRUG_000017,drugbank,DB00146,unmapped
DRUG_000018,drugbank,DB00150,unmapped
DRUG_000019,drugbank,DB00152,unmapped
DRUG_000020,drugbank,DB00153,MEDIUM_CANONICAL
DRUG_000020,twosides,CID000003249,MEDIUM_CANONICAL
DRUG_000021,drugbank,DB00158,MEDIUM_CANONICAL
DRUG_000021,twosides,CID000003405,MEDIUM_CANONICAL
DRUG_000022,drugbank,DB00162,MEDIUM_CANONICAL
DRUG_000022,twosides,CID000001071,MEDIUM_CANONICAL
DRUG_000023,drugbank,DB00163,unmapped
DRUG_000024,drugbank,DB00165,unmapped
DRUG_000025,drugbank,DB00166,unmapped
DRUG_000026,drugbank,DB00169,unmapped
DRUG_000027,drugbank,DB00170,unmapped
DRUG_000028,drugbank,DB00175,MEDIUM_CANONICAL
DRUG_000028,twosides,CID000004889,MEDIUM_CANONICAL
DRUG_000029,drugbank,DB00176,MEDIUM_CANONICAL
DRUG_000029,twosides,CID000003404,MEDIUM_CANONICAL
DRUG_000030,drugbank,DB00177,MEDIUM_CANONICAL
DRUG_000030,twosides,CID000005650,MEDIUM_CANONICAL
DRUG_000031,drugbank,DB00178,MEDIUM_CANONICAL
DRUG_000031,twosides,CID000005038,MEDIUM_CANONICAL
DRUG_000032,drugbank,DB00179,unmapped
DRUG_000033,drugbank,DB00180,MEDIUM_CANONICAL
DRUG_000033,twosides,CID000003379,MEDIUM_CANONICAL
DRUG_000034,drugbank,DB00181,HIGH_EXACT
DRUG_000034,twosides,CID000002284,HIGH_EXACT
DRUG_000035,drugbank,DB00182,ambiguous
DRUG_000036,drugbank,DB01576,ambiguous
DRUG_000037,twosides,CID000003007,ambiguous
DRUG_000038,drugbank,DB00184,MEDIUM_CANONICAL
DRUG_000038,twosides,CID000000942,MEDIUM_CANONICAL
DRUG_000039,drugbank,DB00185,unmapped
DRUG_000040,drugbank,DB00186,HIGH_EXACT
DRUG_000040,twosides,CID000003958,HIGH_EXACT
DRUG_000041,drugbank,DB00187,unmapped
DRUG_000042,drugbank,DB00188,MEDIUM_CANONICAL
DRUG_000042,twosides,CID000093860,MEDIUM_CANONICAL
DRUG_000043,drugbank,DB00189,unmapped
DRUG_000044,drugbank,DB00190,unmapped
DRUG_000045,drugbank,DB00191,HIGH_EXACT
DRUG_000045,twosides,CID000004771,HIGH_EXACT
DRUG_000046,drugbank,DB00193,MEDIUM_CANONICAL
DRUG_000046,twosides,CID000005523,MEDIUM_CANONICAL
DRUG_000047,drugbank,DB00195,HIGH_EXACT
DRUG_000047,twosides,CID000002369,HIGH_EXACT
DRUG_000048,drugbank,DB00196,HIGH_EXACT
DRUG_000048,twosides,CID000003365,HIGH_EXACT
DRUG_000049,drugbank,DB00198,MEDIUM_CANONICAL
DRUG_000049,twosides,CID000004603,MEDIUM_CANONICAL
DRUG_000050,drugbank,DB00199,MEDIUM_CANONICAL
DRUG_000050,twosides,CID000003255,MEDIUM_CANONICAL
DRUG_000051,drugbank,DB00201,HIGH_EXACT
DRUG_000051,twosides,CID000002519,HIGH_EXACT
DRUG_000052,drugbank,DB00202,unmapped
DRUG_000053,drugbank,DB00203,HIGH_INCHIKEY
DRUG_000053,twosides,CID000005212,HIGH_INCHIKEY
DRUG_000054,drugbank,DB00204,HIGH_EXACT
DRUG_000054,twosides,CID000071329,HIGH_EXACT
DRUG_000055,drugbank,DB00205,HIGH_EXACT
DRUG_000055,twosides,CID000004993,HIGH_EXACT
DRUG_000056,drugbank,DB00206,MEDIUM_CANONICAL
DRUG_000056,twosides,CID000005052,MEDIUM_CANONICAL
DRUG_000057,drugbank,DB00207,MEDIUM_CANONICAL
DRUG_000057,twosides,CID000002269,MEDIUM_CANONICAL
DRUG_000058,drugbank,DB00208,HIGH_EXACT
DRUG_000058,twosides,CID000005472,HIGH_EXACT
DRUG_000059,drugbank,DB00209,MEDIUM_CANONICAL
DRUG_000059,twosides,CID000005596,MEDIUM_CANONICAL
DRUG_000060,drugbank,DB00210,HIGH_EXACT
DRUG_000060,twosides,CID000060164,HIGH_EXACT
DRUG_000061,drugbank,DB00211,HIGH_EXACT
DRUG_000061,twosides,CID000004195,HIGH_EXACT
DRUG_000062,drugbank,DB00212,unmapped
DRUG_000063,drugbank,DB00213,HIGH_EXACT
DRUG_000063,twosides,CID000004679,HIGH_EXACT
DRUG_000064,drugbank,DB00214,HIGH_EXACT
DRUG_000064,twosides,CID000041781,HIGH_EXACT
DRUG_000065,drugbank,DB00215,ambiguous
DRUG_000066,drugbank,DB01175,ambiguous
DRUG_000067,twosides,CID000002771,ambiguous
DRUG_000068,drugbank,DB00216,MEDIUM_CANONICAL
DRUG_000068,twosides,CID000077993,MEDIUM_CANONICAL
DRUG_000069,drugbank,DB00217,unmapped
DRUG_000070,drugbank,DB00218,MEDIUM_CANONICAL
DRUG_000070,twosides,CID000004259,MEDIUM_CANONICAL
DRUG_000071,drugbank,DB00219,unmapped
DRUG_000072,drugbank,DB00220,MEDIUM_CANONICAL
DRUG_000072,twosides,CID000004451,MEDIUM_CANONICAL
DRUG_000073,drugbank,DB00221,unmapped
DRUG_000074,drugbank,DB00222,MEDIUM_CANONICAL
DRUG_000074,twosides,CID000003476,MEDIUM_CANONICAL
DRUG_000075,drugbank,DB00223,unmapped
DRUG_000076,drugbank,DB00224,MEDIUM_CANONICAL
DRUG_000076,twosides,CID000003706,MEDIUM_CANONICAL
DRUG_000077,drugbank,DB00226,unmapped
DRUG_000078,drugbank,DB00227,MEDIUM_CANONICAL
DRUG_000078,twosides,CID000003962,MEDIUM_CANONICAL
DRUG_000079,drugbank,DB00228,unmapped
DRUG_000080,drugbank,DB00229,unmapped
DRUG_000081,drugbank,DB00230,MEDIUM_CANONICAL
DRUG_000081,twosides,CID000125889,MEDIUM_CANONICAL
DRUG_000082,drugbank,DB00231,HIGH_EXACT
DRUG_000082,twosides,CID000005391,HIGH_EXACT
DRUG_000083,drugbank,DB00232,unmapped
DRUG_000084,drugbank,DB00233,unmapped
DRUG_000085,drugbank,DB00234,unmapped
DRUG_000086,drugbank,DB00235,unmapped
DRUG_000087,drugbank,DB00236,unmapped
DRUG_000088,drugbank,DB00237,unmapped
DRUG_000089,drugbank,DB00238,HIGH_EXACT
DRUG_000089,twosides,CID000004463,HIGH_EXACT
DRUG_000090,drugbank,DB00239,unmapped
DRUG_000091,drugbank,DB00240,unmapped
DRUG_000092,drugbank,DB00241,unmapped
DRUG_000093,drugbank,DB00242,MEDIUM_CANONICAL
DRUG_000093,twosides,CID000001546,MEDIUM_CANONICAL
DRUG_000094,drugbank,DB00243,HIGH_EXACT
DRUG_000094,twosides,CID000056959,HIGH_EXACT
DRUG_000095,drugbank,DB00244,HIGH_EXACT
DRUG_000095,twosides,CID000004075,HIGH_EXACT
DRUG_000096,drugbank,DB00245,unmapped
DRUG_000097,drugbank,DB00246,HIGH_EXACT
DRUG_000097,twosides,CID000060854,HIGH_EXACT
DRUG_000098,drugbank,DB00247,unmapped
DRUG_000099,drugbank,DB00248,MEDIUM_CANONICAL
DRUG_000099,twosides,CID000002512,MEDIUM_CANONICAL
DRUG_000100,drugbank,DB00250,HIGH_EXACT
DRUG_000100,twosides,CID000002955,HIGH_EXACT
DRUG_000101,drugbank,DB00251,unmapped
DRUG_000102,drugbank,DB00252,HIGH_EXACT
DRUG_000102,twosides,CID000001775,HIGH_EXACT
DRUG_000103,drugbank,DB00253,unmapped
DRUG_000104,drugbank,DB00254,unmapped
DRUG_000105,drugbank,DB00255,unmapped
DRUG_000106,drugbank,DB00256,unmapped
DRUG_000107,drugbank,DB00257,HIGH_EXACT
DRUG_000107,twosides,CID000002812,HIGH_EXACT
DRUG_000108,drugbank,DB00258,unmapped
DRUG_000109,drugbank,DB00259,unmapped
DRUG_000110,drugbank,DB00260,unmapped
DRUG_000111,drugbank,DB00261,HIGH_INCHIKEY
DRUG_000111,twosides,CID000002182,HIGH_INCHIKEY
DRUG_000112,drugbank,DB00262,HIGH_EXACT
DRUG_000112,twosides,CID000002578,HIGH_EXACT
DRUG_000113,drugbank,DB00263,unmapped
DRUG_000114,drugbank,DB00264,HIGH_EXACT
DRUG_000114,twosides,CID000004171,HIGH_EXACT
DRUG_000115,drugbank,DB00266,unmapped
DRUG_000116,drugbank,DB00267,unmapped
DRUG_000117,drugbank,DB00268,HIGH_EXACT
DRUG_000117,twosides,CID000005095,HIGH_EXACT
DRUG_000118,drugbank,DB00270,HIGH_EXACT
DRUG_000118,twosides,CID000003784,HIGH_EXACT
DRUG_000119,drugbank,DB00271,unmapped
DRUG_000120,drugbank,DB00273,MEDIUM_CANONICAL
DRUG_000120,twosides,CID000005514,MEDIUM_CANONICAL
DRUG_000121,drugbank,DB00274,unmapped
DRUG_000122,drugbank,DB00275,unmapped
DRUG_000123,drugbank,DB00276,unmapped
DRUG_000124,drugbank,DB00277,HIGH_EXACT
DRUG_000124,twosides,CID000002153,HIGH_EXACT
DRUG_000125,drugbank,DB00278,unmapped
DRUG_000126,drugbank,DB00279,MEDIUM_CANONICAL
DRUG_000126,twosides,CID000000861,MEDIUM_CANONICAL
DRUG_000127,drugbank,DB00280,HIGH_EXACT
DRUG_000127,twosides,CID000003114,HIGH_EXACT
DRUG_000128,drugbank,DB00281,HIGH_EXACT
DRUG_000128,twosides,CID000003676,HIGH_EXACT
DRUG_000129,drugbank,DB00282,HIGH_EXACT
DRUG_000129,twosides,CID000004674,HIGH_EXACT
DRUG_000130,drugbank,DB00283,unmapped
DRUG_000131,drugbank,DB00284,unmapped
DRUG_000132,drugbank,DB00285,HIGH_EXACT
DRUG_000132,twosides,CID000005656,HIGH_EXACT
DRUG_000133,drugbank,DB00287,MEDIUM_CANONICAL
DRUG_000133,twosides,CID005282226,MEDIUM_CANONICAL
DRUG_000134,drugbank,DB00288,unmapped
DRUG_000135,drugbank,DB00289,MEDIUM_CANONICAL
DRUG_000135,twosides,CID000054841,MEDIUM_CANONICAL
DRUG_000136,drugbank,DB00290,unmapped
DRUG_000137,drugbank,DB00291,HIGH_EXACT
DRUG_000137,twosides,CID000002708,HIGH_EXACT
DRUG_000138,drugbank,DB00292,MEDIUM_CANONICAL
DRUG_000138,twosides,CID000036339,MEDIUM_CANONICAL
DRUG_000139,drugbank,DB00293,unmapped
DRUG_000140,drugbank,DB00294,MEDIUM_CANONICAL
DRUG_000140,twosides,CID000040976,MEDIUM_CANONICAL
DRUG_000141,drugbank,DB00295,MEDIUM_CANONICAL
DRUG_000141,twosides,CID000004253,MEDIUM_CANONICAL
DRUG_000142,drugbank,DB00296,MEDIUM_CANONICAL
DRUG_000142,twosides,CID000071273,MEDIUM_CANONICAL
DRUG_000143,drugbank,DB00297,ambiguous
DRUG_000144,drugbank,DB01002,ambiguous
DRUG_000145,twosides,CID000002474,ambiguous
DRUG_000146,drugbank,DB00298,unmapped
DRUG_000147,drugbank,DB00300,MEDIUM_CANONICAL
DRUG_000147,twosides,CID005481350,MEDIUM_CANONICAL
DRUG_000148,drugbank,DB00301,unmapped
DRUG_000149,drugbank,DB00302,unmapped
DRUG_000150,drugbank,DB00303,MEDIUM_CANONICAL
DRUG_000150,twosides,CID000150610,MEDIUM_CANONICAL
DRUG_000151,drugbank,DB00304,unmapped
DRUG_000152,drugbank,DB00305,MEDIUM_CANONICAL
DRUG_000152,twosides,CID000005746,MEDIUM_CANONICAL
DRUG_000153,drugbank,DB00307,HIGH_EXACT
DRUG_000153,twosides,CID000082146,HIGH_EXACT
DRUG_000154,drugbank,DB00308,unmapped
DRUG_000155,drugbank,DB00309,unmapped
DRUG_000156,drugbank,DB00310,HIGH_EXACT
DRUG_000156,twosides,CID000002732,HIGH_EXACT
DRUG_000157,drugbank,DB00312,unmapped
DRUG_000158,drugbank,DB00313,HIGH_EXACT
DRUG_000158,twosides,CID000003121,HIGH_EXACT
DRUG_000159,drugbank,DB00314,unmapped
DRUG_000160,drugbank,DB00315,MEDIUM_CANONICAL
DRUG_000160,twosides,CID000005731,MEDIUM_CANONICAL
DRUG_000161,drugbank,DB00316,HIGH_EXACT
DRUG_000161,twosides,CID000001983,HIGH_EXACT
DRUG_000162,drugbank,DB00317,HIGH_EXACT
DRUG_000162,twosides,CID000123631,HIGH_EXACT
DRUG_000163,drugbank,DB00318,unmapped
DRUG_000164,drugbank,DB00319,unmapped
DRUG_000165,drugbank,DB00320,MEDIUM_CANONICAL
DRUG_000165,twosides,CID000003066,MEDIUM_CANONICAL
DRUG_000166,drugbank,DB00321,HIGH_EXACT
DRUG_000166,twosides,CID000002160,HIGH_EXACT
DRUG_000167,drugbank,DB00322,unmapped
DRUG_000168,drugbank,DB00323,HIGH_EXACT
DRUG_000168,twosides,CID004659569,HIGH_EXACT
DRUG_000169,drugbank,DB00324,MEDIUM_CANONICAL
DRUG_000169,twosides,CID000003384,MEDIUM_CANONICAL
DRUG_000170,drugbank,DB00325,unmapped
DRUG_000171,drugbank,DB00326,unmapped
DRUG_000172,drugbank,DB00327,MEDIUM_CANONICAL
DRUG_000172,twosides,CID000003648,MEDIUM_CANONICAL
DRUG_000173,drugbank,DB00328,HIGH_EXACT
DRUG_000173,twosides,CID000003715,HIGH_EXACT
DRUG_000174,drugbank,DB00330,MEDIUM_CANONICAL
DRUG_000174,twosides,CID000003279,MEDIUM_CANONICAL
DRUG_000175,drugbank,DB00331,HIGH_INCHIKEY
DRUG_000175,twosides,CID000004091,HIGH_INCHIKEY
DRUG_000176,drugbank,DB00332,MEDIUM_CANONICAL
DRUG_000176,twosides,CID000003746,MEDIUM_CANONICAL
DRUG_000177,drugbank,DB00333,HIGH_EXACT
DRUG_000177,twosides,CID000004095,HIGH_EXACT
DRUG_000178,drugbank,DB00334,unmapped
DRUG_000179,drugbank,DB00335,HIGH_EXACT
DRUG_000179,twosides,CID000002249,HIGH_EXACT
DRUG_000180,drugbank,DB00336,unmapped
DRUG_000181,drugbank,DB00337,MEDIUM_CANONICAL
DRUG_000181,twosides,CID006447131,MEDIUM_CANONICAL
DRUG_000182,drugbank,DB00338,HIGH_EXACT
DRUG_000182,twosides,CID000004594,HIGH_EXACT
DRUG_000183,drugbank,DB00339,HIGH_EXACT
DRUG_000183,twosides,CID000001046,HIGH_EXACT
DRUG_000184,drugbank,DB00340,unmapped
DRUG_000185,drugbank,DB00341,ambiguous
DRUG_000186,drugbank,DB06282,ambiguous
DRUG_000187,twosides,CID000002678,ambiguous
DRUG_000188,drugbank,DB00343,unmapped
DRUG_000189,drugbank,DB00344,unmapped
DRUG_000190,drugbank,DB00345,unmapped
DRUG_000191,drugbank,DB00346,HIGH_EXACT
DRUG_000191,twosides,CID000002092,HIGH_EXACT
DRUG_000192,drugbank,DB00347,unmapped
DRUG_000193,drugbank,DB00349,unmapped
DRUG_000194,drugbank,DB00350,unmapped
DRUG_000195,drugbank,DB00351,unmapped
DRUG_000196,drugbank,DB00352,unmapped
DRUG_000197,drugbank,DB00353,MEDIUM_CANONICAL
DRUG_000197,twosides,CID000004140,MEDIUM_CANONICAL
DRUG_000198,drugbank,DB00354,unmapped
DRUG_000199,drugbank,DB00355,unmapped
DRUG_000200,drugbank,DB00356,HIGH_EXACT
DRUG_000200,twosides,CID000002733,HIGH_EXACT
DRUG_000201,drugbank,DB00357,unmapped
DRUG_000202,drugbank,DB00358,HIGH_EXACT
DRUG_000202,twosides,CID000004046,HIGH_EXACT
DRUG_000203,drugbank,DB00359,HIGH_EXACT
DRUG_000203,twosides,CID000005215,HIGH_EXACT
DRUG_000204,drugbank,DB00360,unmapped
DRUG_000205,drugbank,DB00361,MEDIUM_CANONICAL
DRUG_000205,twosides,CID000005672,MEDIUM_CANONICAL
DRUG_000206,drugbank,DB00362,unmapped
DRUG_000207,drugbank,DB00363,unmapped
DRUG_000208,drugbank,DB00364,unmapped
DRUG_000209,drugbank,DB00366,unmapped
DRUG_000210,drugbank,DB00367,ambiguous
DRUG_000211,drugbank,DB09389,ambiguous
DRUG_000212,twosides,CID000004542,ambiguous
DRUG_000213,drugbank,DB00368,unmapped
DRUG_000214,drugbank,DB00369,unmapped
DRUG_000215,drugbank,DB00370,HIGH_EXACT
DRUG_000215,twosides,CID000004205,HIGH_EXACT
DRUG_000216,drugbank,DB00371,HIGH_EXACT
DRUG_000216,twosides,CID000004064,HIGH_EXACT
DRUG_000217,drugbank,DB00373,MEDIUM_CANONICAL
DRUG_000217,twosides,CID000005478,MEDIUM_CANONICAL
DRUG_000218,drugbank,DB00374,MEDIUM_CANONICAL
DRUG_000218,twosides,CID000054786,MEDIUM_CANONICAL
DRUG_000219,drugbank,DB00376,HIGH_EXACT
DRUG_000219,twosides,CID000005572,HIGH_EXACT
DRUG_000220,drugbank,DB00377,MEDIUM_CANONICAL
DRUG_000220,twosides,CID000148211,MEDIUM_CANONICAL
DRUG_000221,drugbank,DB00378,unmapped
DRUG_000222,drugbank,DB00379,HIGH_EXACT
DRUG_000222,twosides,CID000004178,HIGH_EXACT
DRUG_000223,drugbank,DB00380,unmapped
DRUG_000224,drugbank,DB00381,HIGH_EXACT
DRUG_000224,twosides,CID000002162,HIGH_EXACT
DRUG_000225,drugbank,DB00384,unmapped
DRUG_000226,drugbank,DB00385,unmapped
DRUG_000227,drugbank,DB00387,unmapped
DRUG_000228,drugbank,DB00388,unmapped
DRUG_000229,drugbank,DB00389,unmapped
DRUG_000230,drugbank,DB00390,MEDIUM_CANONICAL
DRUG_000230,twosides,CID000003062,MEDIUM_CANONICAL
DRUG_000231,drugbank,DB00391,unmapped
DRUG_000232,drugbank,DB00392,unmapped
DRUG_000233,drugbank,DB00393,HIGH_EXACT
DRUG_000233,twosides,CID000004497,HIGH_EXACT
DRUG_000234,drugbank,DB00394,unmapped
DRUG_000235,drugbank,DB00395,HIGH_EXACT
DRUG_000235,twosides,CID000002576,HIGH_EXACT
DRUG_000236,drugbank,DB00396,MEDIUM_CANONICAL
DRUG_000236,twosides,CID000004920,MEDIUM_CANONICAL
DRUG_000237,drugbank,DB00397,unmapped
DRUG_000238,drugbank,DB00398,HIGH_EXACT
DRUG_000238,twosides,CID000216239,HIGH_EXACT
DRUG_000239,drugbank,DB00399,HIGH_EXACT
DRUG_000239,twosides,CID000068740,HIGH_EXACT
DRUG_000240,drugbank,DB00400,unmapped
DRUG_000241,drugbank,DB00401,HIGH_EXACT
DRUG_000241,twosides,CID000004499,HIGH_EXACT
DRUG_000242,drugbank,DB00402,ambiguous
DRUG_000243,drugbank,DB01198,ambiguous
DRUG_000244,twosides,CID000005735,ambiguous
DRUG_000245,drugbank,DB00404,HIGH_EXACT
DRUG_000245,twosides,CID000002118,HIGH_EXACT
DRUG_000246,drugbank,DB00405,unmapped
DRUG_000247,drugbank,DB00408,HIGH_EXACT
DRUG_000247,twosides,CID000003964,HIGH_EXACT
DRUG_000248,drugbank,DB00409,unmapped
DRUG_000249,drugbank,DB00410,MEDIUM_CANONICAL
DRUG_000249,twosides,CID000004264,MEDIUM_CANONICAL
DRUG_000250,drugbank,DB00411,HIGH_EXACT
DRUG_000250,twosides,CID000002551,HIGH_EXACT
DRUG_000251,drugbank,DB00412,HIGH_EXACT
DRUG_000251,twosides,CID000077999,HIGH_EXACT
DRUG_000252,drugbank,DB00413,MEDIUM_CANONICAL
DRUG_000252,twosides,CID000004885,MEDIUM_CANONICAL
DRUG_000253,drugbank,DB00415,unmapped
DRUG_000254,drugbank,DB00417,unmapped
DRUG_000255,drugbank,DB00418,unmapped
DRUG_000256,drugbank,DB00419,MEDIUM_CANONICAL
DRUG_000256,twosides,CID000051634,MEDIUM_CANONICAL
DRUG_000257,drugbank,DB00420,unmapped
DRUG_000258,drugbank,DB00421,MEDIUM_CANONICAL
DRUG_000258,twosides,CID000005267,MEDIUM_CANONICAL
DRUG_000259,drugbank,DB00422,ambiguous
DRUG_000260,drugbank,DB06701,ambiguous
DRUG_000261,twosides,CID000004158,ambiguous
DRUG_000262,drugbank,DB00423,HIGH_EXACT
DRUG_000262,twosides,CID000004107,HIGH_EXACT
DRUG_000263,drugbank,DB00424,ambiguous
DRUG_000264,drugbank,DB00572,ambiguous
DRUG_000265,twosides,CID000003661,ambiguous
DRUG_000266,drugbank,DB00425,HIGH_EXACT
DRUG_000266,twosides,CID000005732,HIGH_EXACT
DRUG_000267,drugbank,DB00426,HIGH_EXACT
DRUG_000267,twosides,CID000003324,HIGH_EXACT
DRUG_000268,drugbank,DB00427,unmapped
DRUG_000269,drugbank,DB00428,unmapped
DRUG_000270,drugbank,DB00429,unmapped
DRUG_000271,drugbank,DB00430,unmapped
DRUG_000272,drugbank,DB00432,unmapped
DRUG_000273,drugbank,DB00433,HIGH_EXACT
DRUG_000273,twosides,CID000004917,HIGH_EXACT
DRUG_000274,drugbank,DB00434,unmapped
DRUG_000275,drugbank,DB00435,HIGH_EXACT
DRUG_000275,twosides,CID000145068,HIGH_EXACT
DRUG_000276,drugbank,DB00436,unmapped
DRUG_000277,drugbank,DB00437,unmapped
DRUG_000278,drugbank,DB00438,MEDIUM_CANONICAL
DRUG_000278,twosides,CID000002650,MEDIUM_CANONICAL
DRUG_000279,drugbank,DB00440,HIGH_EXACT
DRUG_000279,twosides,CID000005578,HIGH_EXACT
DRUG_000280,drugbank,DB00441,MEDIUM_CANONICAL
DRUG_000280,twosides,CID000003461,MEDIUM_CANONICAL
DRUG_000281,drugbank,DB00442,MEDIUM_CANONICAL
DRUG_000281,twosides,CID000153941,MEDIUM_CANONICAL
DRUG_000282,drugbank,DB00443,ambiguous
DRUG_000283,drugbank,DB01234,ambiguous
DRUG_000284,twosides,CID000003003,ambiguous
DRUG_000285,drugbank,DB00444,unmapped
DRUG_000286,drugbank,DB00445,unmapped
DRUG_000287,drugbank,DB00446,MEDIUM_CANONICAL
DRUG_000287,twosides,CID000000298,MEDIUM_CANONICAL
DRUG_000288,drugbank,DB00448,ambiguous
DRUG_000289,drugbank,DB05351,ambiguous
DRUG_000290,twosides,CID000003883,ambiguous
DRUG_000291,drugbank,DB00449,unmapped
DRUG_000292,drugbank,DB00450,HIGH_EXACT
DRUG_000292,twosides,CID000003168,HIGH_EXACT
DRUG_000293,drugbank,DB00451,MEDIUM_CANONICAL
DRUG_000293,twosides,CID000000853,MEDIUM_CANONICAL
DRUG_000294,drugbank,DB00452,unmapped
DRUG_000295,drugbank,DB00453,unmapped
DRUG_000296,drugbank,DB00454,HIGH_EXACT
DRUG_000296,twosides,CID000004058,HIGH_EXACT
DRUG_000297,drugbank,DB00455,HIGH_EXACT
DRUG_000297,twosides,CID000003957,HIGH_EXACT
DRUG_000298,drugbank,DB00456,unmapped
DRUG_000299,drugbank,DB00457,HIGH_EXACT
DRUG_000299,twosides,CID000004893,HIGH_EXACT
DRUG_000300,drugbank,DB00458,HIGH_EXACT
DRUG_000300,twosides,CID000003696,HIGH_EXACT
DRUG_000301,drugbank,DB00459,MEDIUM_CANONICAL
DRUG_000301,twosides,CID000041317,MEDIUM_CANONICAL
DRUG_000302,drugbank,DB00460,MEDIUM_CANONICAL
DRUG_000302,twosides,CID005362420,MEDIUM_CANONICAL
DRUG_000303,drugbank,DB00461,HIGH_EXACT
DRUG_000303,twosides,CID000004409,HIGH_EXACT
DRUG_000304,drugbank,DB00462,unmapped
DRUG_000305,drugbank,DB00465,HIGH_EXACT
DRUG_000305,twosides,CID000003826,HIGH_EXACT
DRUG_000306,drugbank,DB00467,unmapped
DRUG_000307,drugbank,DB00468,ambiguous
DRUG_000308,drugbank,DB00908,ambiguous
DRUG_000309,twosides,CID000001065,ambiguous
DRUG_000310,drugbank,DB00469,unmapped
DRUG_000311,drugbank,DB00470,MEDIUM_CANONICAL
DRUG_000311,twosides,CID000002978,MEDIUM_CANONICAL
DRUG_000312,drugbank,DB00471,unmapped
DRUG_000313,drugbank,DB00472,HIGH_EXACT
DRUG_000313,twosides,CID000003386,HIGH_EXACT
DRUG_000314,drugbank,DB00474,unmapped
DRUG_000315,drugbank,DB00475,unmapped
DRUG_000316,drugbank,DB00476,MEDIUM_CANONICAL
DRUG_000316,twosides,CID000060835,MEDIUM_CANONICAL
DRUG_000317,drugbank,DB00477,HIGH_EXACT
DRUG_000317,twosides,CID000002726,HIGH_EXACT
DRUG_000318,drugbank,DB00479,MEDIUM_CANONICAL
DRUG_000318,twosides,CID000002142,MEDIUM_CANONICAL
DRUG_000319,drugbank,DB00480,HIGH_EXACT
DRUG_000319,twosides,CID000216326,HIGH_EXACT
DRUG_000320,drugbank,DB00481,HIGH_EXACT
DRUG_000320,twosides,CID000005035,HIGH_EXACT
DRUG_000321,drugbank,DB00482,HIGH_EXACT
DRUG_000321,twosides,CID000002662,HIGH_EXACT
DRUG_000322,drugbank,DB00483,unmapped
DRUG_000323,drugbank,DB00484,HIGH_EXACT
DRUG_000323,twosides,CID000002435,HIGH_EXACT
DRUG_000324,drugbank,DB00485,unmapped
DRUG_000325,drugbank,DB00486,MEDIUM_CANONICAL
DRUG_000325,twosides,CID000039860,MEDIUM_CANONICAL
DRUG_000326,drugbank,DB00487,unmapped
DRUG_000327,drugbank,DB00488,unmapped
DRUG_000328,drugbank,DB00489,HIGH_EXACT
DRUG_000328,twosides,CID000005253,HIGH_EXACT
DRUG_000329,drugbank,DB00490,HIGH_EXACT
DRUG_000329,twosides,CID000002477,HIGH_EXACT
DRUG_000330,drugbank,DB00491,unmapped
DRUG_000331,drugbank,DB00492,unmapped
DRUG_000332,drugbank,DB00493,unmapped
DRUG_000333,drugbank,DB00494,MEDIUM_CANONICAL
DRUG_000333,twosides,CID004659568,MEDIUM_CANONICAL
DRUG_000334,drugbank,DB00495,MEDIUM_CANONICAL
DRUG_000334,twosides,CID000005726,MEDIUM_CANONICAL
DRUG_000335,drugbank,DB00496,MEDIUM_CANONICAL
DRUG_000335,twosides,CID000072054,MEDIUM_CANONICAL
DRUG_000336,drugbank,DB00497,MEDIUM_CANONICAL
DRUG_000336,twosides,CID000004635,MEDIUM_CANONICAL
DRUG_000337,drugbank,DB00498,unmapped
DRUG_000338,drugbank,DB00499,HIGH_EXACT
DRUG_000338,twosides,CID000003397,HIGH_EXACT
DRUG_000339,drugbank,DB00500,unmapped
DRUG_000340,drugbank,DB00501,HIGH_INCHIKEY
DRUG_000340,twosides,CID000002756,HIGH_INCHIKEY
DRUG_000341,drugbank,DB00502,HIGH_EXACT
DRUG_000341,twosides,CID000003559,HIGH_EXACT
DRUG_000342,drugbank,DB00503,MEDIUM_CANONICAL
DRUG_000342,twosides,CID000005076,MEDIUM_CANONICAL
DRUG_000343,drugbank,DB00504,unmapped
DRUG_000344,drugbank,DB00508,unmapped
DRUG_000345,drugbank,DB00511,unmapped
DRUG_000346,drugbank,DB00512,MEDIUM_CANONICAL
DRUG_000346,twosides,CID000005651,MEDIUM_CANONICAL
DRUG_000347,drugbank,DB00513,HIGH_EXACT
DRUG_000347,twosides,CID000000564,HIGH_EXACT
DRUG_000348,drugbank,DB00514,MEDIUM_CANONICAL
DRUG_000348,twosides,CID000003008,MEDIUM_CANONICAL
DRUG_000349,drugbank,DB00515,unmapped
DRUG_000350,drugbank,DB00517,unmapped
DRUG_000351,drugbank,DB00518,unmapped
DRUG_000352,drugbank,DB00519,MEDIUM_CANONICAL
DRUG_000352,twosides,CID000005525,MEDIUM_CANONICAL
DRUG_000353,drugbank,DB00520,unmapped
DRUG_000354,drugbank,DB00521,unmapped
DRUG_000355,drugbank,DB00523,ambiguous
DRUG_000356,drugbank,DB00755,ambiguous
DRUG_000357,drugbank,DB00982,ambiguous
DRUG_000358,twosides,CID000005538,ambiguous
DRUG_000359,drugbank,DB00524,HIGH_EXACT
DRUG_000359,twosides,CID000004170,HIGH_EXACT
DRUG_000360,drugbank,DB00525,unmapped
DRUG_000361,drugbank,DB00526,unmapped
DRUG_000362,drugbank,DB00527,unmapped
DRUG_000363,drugbank,DB00528,unmapped
DRUG_000364,drugbank,DB00529,unmapped
DRUG_000365,drugbank,DB00530,HIGH_EXACT
DRUG_000365,twosides,CID000176870,HIGH_EXACT
DRUG_000366,drugbank,DB00531,HIGH_EXACT
DRUG_000366,twosides,CID000002907,HIGH_EXACT
DRUG_000367,drugbank,DB00535,MEDIUM_CANONICAL
DRUG_000367,twosides,CID006398970,MEDIUM_CANONICAL
DRUG_000368,drugbank,DB00537,HIGH_EXACT
DRUG_000368,twosides,CID000002764,HIGH_EXACT
DRUG_000369,drugbank,DB00539,unmapped
DRUG_000370,drugbank,DB00540,HIGH_EXACT
DRUG_000370,twosides,CID000004543,HIGH_EXACT
DRUG_000371,drugbank,DB00541,MEDIUM_CANONICAL
DRUG_000371,twosides,CID000005978,MEDIUM_CANONICAL
DRUG_000372,drugbank,DB00542,MEDIUM_CANONICAL
DRUG_000372,twosides,CID000002311,MEDIUM_CANONICAL
DRUG_000373,drugbank,DB00543,HIGH_EXACT
DRUG_000373,twosides,CID000002170,HIGH_EXACT
DRUG_000374,drugbank,DB00544,HIGH_EXACT
DRUG_000374,twosides,CID000003385,HIGH_EXACT
DRUG_000375,drugbank,DB00545,HIGH_EXACT
DRUG_000375,twosides,CID000004991,HIGH_EXACT
DRUG_000376,drugbank,DB00546,unmapped
DRUG_000377,drugbank,DB00547,unmapped
DRUG_000378,drugbank,DB00548,HIGH_EXACT
DRUG_000378,twosides,CID000002266,HIGH_EXACT
DRUG_000379,drugbank,DB00549,HIGH_EXACT
DRUG_000379,twosides,CID000005717,HIGH_EXACT
DRUG_000380,drugbank,DB00550,HIGH_EXACT
DRUG_000380,twosides,CID000657298,HIGH_EXACT
DRUG_000381,drugbank,DB00551,unmapped
DRUG_000382,drugbank,DB00552,unmapped
DRUG_000383,drugbank,DB00553,unmapped
DRUG_000384,drugbank,DB00554,unmapped
DRUG_000385,drugbank,DB00555,HIGH_EXACT
DRUG_000385,twosides,CID000003878,HIGH_EXACT
DRUG_000386,drugbank,DB00556,unmapped
DRUG_000387,drugbank,DB00557,HIGH_EXACT
DRUG_000387,twosides,CID000003658,HIGH_EXACT
DRUG_000388,drugbank,DB00559,HIGH_EXACT
DRUG_000388,twosides,CID000104865,HIGH_EXACT
DRUG_000389,drugbank,DB00560,unmapped
DRUG_000390,drugbank,DB00561,unmapped
DRUG_000391,drugbank,DB00562,unmapped
DRUG_000392,drugbank,DB00563,MEDIUM_CANONICAL
DRUG_000392,twosides,CID000004112,MEDIUM_CANONICAL
DRUG_000393,drugbank,DB00564,HIGH_EXACT
DRUG_000393,twosides,CID000002554,HIGH_EXACT
DRUG_000394,drugbank,DB00565,unmapped
DRUG_000395,drugbank,DB00567,MEDIUM_CANONICAL
DRUG_000395,twosides,CID000002666,MEDIUM_CANONICAL
DRUG_000396,drugbank,DB00568,unmapped
DRUG_000397,drugbank,DB00569,MEDIUM_CANONICAL
DRUG_000397,twosides,CID000163742,MEDIUM_CANONICAL
DRUG_000398,drugbank,DB00570,MEDIUM_CANONICAL
DRUG_000398,twosides,CID000013342,MEDIUM_CANONICAL
DRUG_000399,drugbank,DB00571,HIGH_EXACT
DRUG_000399,twosides,CID000004946,HIGH_EXACT
DRUG_000400,drugbank,DB00573,unmapped
DRUG_000401,drugbank,DB00575,HIGH_EXACT
DRUG_000401,twosides,CID000002803,HIGH_EXACT
DRUG_000402,drugbank,DB00576,unmapped
DRUG_000403,drugbank,DB00577,MEDIUM_CANONICAL
DRUG_000403,twosides,CID000005647,MEDIUM_CANONICAL
DRUG_000404,drugbank,DB00578,unmapped
DRUG_000405,drugbank,DB00581,unmapped
DRUG_000406,drugbank,DB00582,MEDIUM_CANONICAL
DRUG_000406,twosides,CID000071616,MEDIUM_CANONICAL
DRUG_000407,drugbank,DB00583,unmapped
DRUG_000408,drugbank,DB00584,MEDIUM_CANONICAL
DRUG_000408,twosides,CID000003222,MEDIUM_CANONICAL
DRUG_000409,drugbank,DB00585,HIGH_EXACT
DRUG_000409,twosides,CID000004513,HIGH_EXACT
DRUG_000410,drugbank,DB00586,unmapped
DRUG_000411,drugbank,DB00588,unmapped
DRUG_000412,drugbank,DB00589,unmapped
DRUG_000413,drugbank,DB00590,HIGH_EXACT
DRUG_000413,twosides,CID000003157,HIGH_EXACT
DRUG_000414,drugbank,DB00591,MEDIUM_CANONICAL
DRUG_000414,twosides,CID000003381,MEDIUM_CANONICAL
DRUG_000415,drugbank,DB00592,unmapped
DRUG_000416,drugbank,DB00593,HIGH_EXACT
DRUG_000416,twosides,CID000003291,HIGH_EXACT
DRUG_000417,drugbank,DB00594,HIGH_INCHIKEY
DRUG_000417,twosides,CID000016231,HIGH_INCHIKEY
DRUG_000418,drugbank,DB00595,unmapped
DRUG_000419,drugbank,DB00596,unmapped
DRUG_000420,drugbank,DB00598,HIGH_EXACT
DRUG_000420,twosides,CID000003869,HIGH_EXACT
DRUG_000421,drugbank,DB00599,unmapped
DRUG_000422,drugbank,DB00601,MEDIUM_CANONICAL
DRUG_000422,twosides,CID000003929,MEDIUM_CANONICAL
DRUG_000423,drugbank,DB00602,MEDIUM_CANONICAL
DRUG_000423,twosides,CID006435110,MEDIUM_CANONICAL
DRUG_000424,drugbank,DB00603,unmapped
DRUG_000425,drugbank,DB00604,unmapped
DRUG_000426,drugbank,DB00605,MEDIUM_CANONICAL
DRUG_000426,twosides,CID000005352,MEDIUM_CANONICAL
DRUG_000427,drugbank,DB00606,unmapped
DRUG_000428,drugbank,DB00607,unmapped
DRUG_000429,drugbank,DB00608,HIGH_EXACT
DRUG_000429,twosides,CID000002719,HIGH_EXACT
DRUG_000430,drugbank,DB00609,unmapped
DRUG_000431,drugbank,DB00610,unmapped
DRUG_000432,drugbank,DB00611,MEDIUM_CANONICAL
DRUG_000432,twosides,CID000002487,MEDIUM_CANONICAL
DRUG_000433,drugbank,DB00612,HIGH_EXACT
DRUG_000433,twosides,CID000002405,HIGH_EXACT
DRUG_000434,drugbank,DB00613,unmapped
DRUG_000435,drugbank,DB00614,unmapped
DRUG_000436,drugbank,DB00615,unmapped
DRUG_000437,drugbank,DB00617,unmapped
DRUG_000438,drugbank,DB00618,unmapped
DRUG_000439,drugbank,DB00619,HIGH_EXACT
DRUG_000439,twosides,CID000005291,HIGH_EXACT
DRUG_000440,drugbank,DB00620,MEDIUM_CANONICAL
DRUG_000440,twosides,CID000005544,MEDIUM_CANONICAL
DRUG_000441,drugbank,DB00621,MEDIUM_CANONICAL
DRUG_000441,twosides,CID000005878,MEDIUM_CANONICAL
DRUG_000442,drugbank,DB00622,unmapped
DRUG_000443,drugbank,DB00623,HIGH_EXACT
DRUG_000443,twosides,CID000003372,HIGH_EXACT
DRUG_000444,drugbank,DB00624,MEDIUM_CANONICAL
DRUG_000444,twosides,CID000005408,MEDIUM_CANONICAL
DRUG_000445,drugbank,DB00625,MEDIUM_CANONICAL
DRUG_000445,twosides,CID000003203,MEDIUM_CANONICAL
DRUG_000446,drugbank,DB00626,unmapped
DRUG_000447,drugbank,DB00627,unmapped
DRUG_000448,drugbank,DB00628,unmapped
DRUG_000449,drugbank,DB00629,unmapped
DRUG_000450,drugbank,DB00630,HIGH_EXACT
DRUG_000450,twosides,CID000002088,HIGH_EXACT
DRUG_000451,drugbank,DB00631,MEDIUM_CANONICAL
DRUG_000451,twosides,CID000119182,MEDIUM_CANONICAL
DRUG_000452,drugbank,DB00633,unmapped
DRUG_000453,drugbank,DB00634,unmapped
DRUG_000454,drugbank,DB00635,MEDIUM_CANONICAL
DRUG_000454,twosides,CID000004900,MEDIUM_CANONICAL
DRUG_000455,drugbank,DB00636,unmapped
DRUG_000456,drugbank,DB00637,unmapped
DRUG_000457,drugbank,DB00639,unmapped
DRUG_000458,drugbank,DB00640,MEDIUM_CANONICAL
DRUG_000458,twosides,CID000000191,MEDIUM_CANONICAL
DRUG_000459,drugbank,DB00641,MEDIUM_CANONICAL
DRUG_000459,twosides,CID000054454,MEDIUM_CANONICAL
DRUG_000460,drugbank,DB00642,MEDIUM_CANONICAL
DRUG_000460,twosides,CID000060843,MEDIUM_CANONICAL
DRUG_000461,drugbank,DB00643,unmapped
DRUG_000462,drugbank,DB00645,unmapped
DRUG_000463,drugbank,DB00646,unmapped
DRUG_000464,drugbank,DB00647,unmapped
DRUG_000465,drugbank,DB00648,HIGH_EXACT
DRUG_000465,twosides,CID000004211,HIGH_EXACT
DRUG_000466,drugbank,DB00649,MEDIUM_CANONICAL
DRUG_000466,twosides,CID000005155,MEDIUM_CANONICAL
DRUG_000467,drugbank,DB00650,unmapped
DRUG_000468,drugbank,DB00651,unmapped
DRUG_000469,drugbank,DB00652,MEDIUM_CANONICAL
DRUG_000469,twosides,CID000004736,MEDIUM_CANONICAL
DRUG_000470,drugbank,DB00653,unmapped
DRUG_000471,drugbank,DB00654,MEDIUM_CANONICAL
DRUG_000471,twosides,CID000003890,MEDIUM_CANONICAL
DRUG_000472,drugbank,DB00655,unmapped
DRUG_000473,drugbank,DB00656,HIGH_EXACT
DRUG_000473,twosides,CID000005533,HIGH_EXACT
DRUG_000474,drugbank,DB00657,unmapped
DRUG_000475,drugbank,DB00658,HIGH_EXACT
DRUG_000475,twosides,CID003085017,HIGH_EXACT
DRUG_000476,drugbank,DB00660,unmapped
DRUG_000477,drugbank,DB00661,HIGH_EXACT
DRUG_000477,twosides,CID000002520,HIGH_EXACT
DRUG_000478,drugbank,DB00662,unmapped
DRUG_000479,drugbank,DB00663,unmapped
DRUG_000480,drugbank,DB00664,unmapped
DRUG_000481,drugbank,DB00665,unmapped
DRUG_000482,drugbank,DB00666,unmapped
DRUG_000483,drugbank,DB00668,MEDIUM_CANONICAL
DRUG_000483,twosides,CID000000838,MEDIUM_CANONICAL
DRUG_000484,drugbank,DB00669,HIGH_EXACT
DRUG_000484,twosides,CID000005358,HIGH_EXACT
DRUG_000485,drugbank,DB00670,unmapped
DRUG_000486,drugbank,DB00671,MEDIUM_CANONICAL
DRUG_000486,twosides,CID000002675,MEDIUM_CANONICAL
DRUG_000487,drugbank,DB00672,HIGH_EXACT
DRUG_000487,twosides,CID000002727,HIGH_EXACT
DRUG_000488,drugbank,DB00673,unmapped
DRUG_000489,drugbank,DB00674,MEDIUM_CANONICAL
DRUG_000489,twosides,CID000003449,MEDIUM_CANONICAL
DRUG_000490,drugbank,DB00675,MEDIUM_CANONICAL
DRUG_000490,twosides,CID000005376,MEDIUM_CANONICAL
DRUG_000491,drugbank,DB00677,unmapped
DRUG_000492,drugbank,DB00678,HIGH_EXACT
DRUG_000492,twosides,CID000003961,HIGH_EXACT
DRUG_000493,drugbank,DB00679,unmapped
DRUG_000494,drugbank,DB00680,unmapped
DRUG_000495,drugbank,DB00681,MEDIUM_CANONICAL
DRUG_000495,twosides,CID000001972,MEDIUM_CANONICAL
DRUG_000496,drugbank,DB00682,unmapped
DRUG_000497,drugbank,DB00683,HIGH_EXACT
DRUG_000497,twosides,CID000004192,HIGH_EXACT
DRUG_000498,drugbank,DB00684,MEDIUM_CANONICAL
DRUG_000498,twosides,CID000005496,MEDIUM_CANONICAL
DRUG_000499,drugbank,DB00685,unmapped
DRUG_000500,drugbank,DB00686,unmapped
DRUG_000501,drugbank,DB00687,unmapped
DRUG_000502,drugbank,DB00688,unmapped
DRUG_000503,drugbank,DB00689,unmapped
DRUG_000504,drugbank,DB00690,HIGH_EXACT
DRUG_000504,twosides,CID000003393,HIGH_EXACT
DRUG_000505,drugbank,DB00691,MEDIUM_CANONICAL
DRUG_000505,twosides,CID000091270,MEDIUM_CANONICAL
DRUG_000506,drugbank,DB00692,unmapped
DRUG_000507,drugbank,DB00694,unmapped
DRUG_000508,drugbank,DB00695,HIGH_EXACT
DRUG_000508,twosides,CID000003440,HIGH_EXACT
DRUG_000509,drugbank,DB00696,unmapped
DRUG_000510,drugbank,DB00697,HIGH_EXACT
DRUG_000510,twosides,CID000005487,HIGH_EXACT
DRUG_000511,drugbank,DB00698,MEDIUM_CANONICAL
DRUG_000511,twosides,CID000004509,MEDIUM_CANONICAL
DRUG_000512,drugbank,DB00699,unmapped
DRUG_000513,drugbank,DB00700,MEDIUM_CANONICAL
DRUG_000513,twosides,CID000150310,MEDIUM_CANONICAL
DRUG_000514,drugbank,DB00701,MEDIUM_CANONICAL
DRUG_000514,twosides,CID000002177,MEDIUM_CANONICAL
DRUG_000515,drugbank,DB00703,unmapped
DRUG_000516,drugbank,DB00704,MEDIUM_CANONICAL
DRUG_000516,twosides,CID000004428,MEDIUM_CANONICAL
DRUG_000517,drugbank,DB00705,unmapped
DRUG_000518,drugbank,DB00706,MEDIUM_CANONICAL
DRUG_000518,twosides,CID000060147,MEDIUM_CANONICAL
DRUG_000519,drugbank,DB00708,HIGH_EXACT
DRUG_000519,twosides,CID000041693,HIGH_EXACT
DRUG_000520,drugbank,DB00709,MEDIUM_CANONICAL
DRUG_000520,twosides,CID000003877,MEDIUM_CANONICAL
DRUG_000521,drugbank,DB00710,HIGH_EXACT
DRUG_000521,twosides,CID000060852,HIGH_EXACT
DRUG_000522,drugbank,DB00711,unmapped
DRUG_000523,drugbank,DB00712,HIGH_EXACT
DRUG_000523,twosides,CID000003394,HIGH_EXACT
DRUG_000524,drugbank,DB00713,unmapped
DRUG_000525,drugbank,DB00714,MEDIUM_CANONICAL
DRUG_000525,twosides,CID000002215,MEDIUM_CANONICAL
DRUG_000526,drugbank,DB00715,MEDIUM_CANONICAL
DRUG_000526,twosides,CID000004691,MEDIUM_CANONICAL
DRUG_000527,drugbank,DB00717,MEDIUM_CANONICAL
DRUG_000527,twosides,CID000004536,MEDIUM_CANONICAL
DRUG_000528,drugbank,DB00718,HIGH_EXACT
DRUG_000528,twosides,CID000060871,HIGH_EXACT
DRUG_000529,drugbank,DB00719,unmapped
DRUG_000530,drugbank,DB00720,unmapped
DRUG_000531,drugbank,DB00721,unmapped
DRUG_000532,drugbank,DB00722,MEDIUM_CANONICAL
DRUG_000532,twosides,CID000003937,MEDIUM_CANONICAL
DRUG_000533,drugbank,DB00723,unmapped
DRUG_000534,drugbank,DB00724,HIGH_EXACT
DRUG_000534,twosides,CID000057469,HIGH_EXACT
DRUG_000535,drugbank,DB00726,HIGH_EXACT
DRUG_000535,twosides,CID000005584,HIGH_EXACT
DRUG_000536,drugbank,DB00727,HIGH_EXACT
DRUG_000536,twosides,CID000004510,HIGH_EXACT
DRUG_000537,drugbank,DB00728,MEDIUM_CANONICAL
DRUG_000537,twosides,CID000060696,MEDIUM_CANONICAL
DRUG_000538,drugbank,DB00730,unmapped
DRUG_000539,drugbank,DB00731,unmapped
DRUG_000540,drugbank,DB00732,ambiguous
DRUG_000541,drugbank,DB13450,ambiguous
DRUG_000542,twosides,CID000047320,ambiguous
DRUG_000543,drugbank,DB00734,HIGH_EXACT
DRUG_000543,twosides,CID000005073,HIGH_EXACT
DRUG_000544,drugbank,DB00735,unmapped
DRUG_000545,drugbank,DB00736,unmapped
DRUG_000546,drugbank,DB00737,HIGH_EXACT
DRUG_000546,twosides,CID000004034,HIGH_EXACT
DRUG_000547,drugbank,DB00738,unmapped
DRUG_000548,drugbank,DB00740,HIGH_EXACT
DRUG_000548,twosides,CID000005070,HIGH_EXACT
DRUG_000549,drugbank,DB00741,MEDIUM_CANONICAL
DRUG_000549,twosides,CID000003640,MEDIUM_CANONICAL
DRUG_000550,drugbank,DB00742,MEDIUM_CANONICAL
DRUG_000550,twosides,CID000000453,MEDIUM_CANONICAL
DRUG_000551,drugbank,DB00743,unmapped
DRUG_000552,drugbank,DB00744,unmapped
DRUG_000553,drugbank,DB00745,ambiguous
DRUG_000554,drugbank,DB06413,ambiguous
DRUG_000555,twosides,CID000004236,ambiguous
DRUG_000556,drugbank,DB00746,HIGH_EXACT
DRUG_000556,twosides,CID000002973,HIGH_EXACT
DRUG_000557,drugbank,DB00747,MEDIUM_CANONICAL
DRUG_000557,twosides,CID000005184,MEDIUM_CANONICAL
DRUG_000558,drugbank,DB00748,unmapped
DRUG_000559,drugbank,DB00749,HIGH_EXACT
DRUG_000559,twosides,CID000003308,HIGH_EXACT
DRUG_000560,drugbank,DB00750,unmapped
DRUG_000561,drugbank,DB00751,unmapped
DRUG_000562,drugbank,DB00752,HIGH_EXACT
DRUG_000562,twosides,CID000005530,HIGH_EXACT
DRUG_000563,drugbank,DB00753,HIGH_EXACT
DRUG_000563,twosides,CID000003763,HIGH_EXACT
DRUG_000564,drugbank,DB00754,unmapped
DRUG_000565,drugbank,DB00757,MEDIUM_CANONICAL
DRUG_000565,twosides,CID000003148,MEDIUM_CANONICAL
DRUG_000566,drugbank,DB00758,MEDIUM_CANONICAL
DRUG_000566,twosides,CID000002806,MEDIUM_CANONICAL
DRUG_000567,drugbank,DB00759,unmapped
DRUG_000568,drugbank,DB00760,unmapped
DRUG_000569,drugbank,DB00761,HIGH_EXACT
DRUG_000569,twosides,CID000004873,HIGH_EXACT
DRUG_000570,drugbank,DB00762,MEDIUM_CANONICAL
DRUG_000570,twosides,CID000003750,MEDIUM_CANONICAL
DRUG_000571,drugbank,DB00763,HIGH_EXACT
DRUG_000571,twosides,CID001349907,HIGH_EXACT
DRUG_000572,drugbank,DB00764,MEDIUM_CANONICAL
DRUG_000572,twosides,CID000123620,MEDIUM_CANONICAL
DRUG_000573,drugbank,DB00765,unmapped
DRUG_000574,drugbank,DB00766,unmapped
DRUG_000575,drugbank,DB00768,MEDIUM_CANONICAL
DRUG_000575,twosides,CID000060865,MEDIUM_CANONICAL
DRUG_000576,drugbank,DB00769,unmapped
DRUG_000577,drugbank,DB00770,MEDIUM_CANONICAL
DRUG_000577,twosides,CID000000214,MEDIUM_CANONICAL
DRUG_000578,drugbank,DB00771,unmapped
DRUG_000579,drugbank,DB00772,unmapped
DRUG_000580,drugbank,DB00773,MEDIUM_CANONICAL
DRUG_000580,twosides,CID000003310,MEDIUM_CANONICAL
DRUG_000581,drugbank,DB00774,unmapped
DRUG_000582,drugbank,DB00775,MEDIUM_CANONICAL
DRUG_000582,twosides,CID000005486,MEDIUM_CANONICAL
DRUG_000583,drugbank,DB00776,HIGH_EXACT
DRUG_000583,twosides,CID000034312,HIGH_EXACT
DRUG_000584,drugbank,DB00778,unmapped
DRUG_000585,drugbank,DB00779,unmapped
DRUG_000586,drugbank,DB00780,HIGH_EXACT
DRUG_000586,twosides,CID000003675,HIGH_EXACT
DRUG_000587,drugbank,DB00781,unmapped
DRUG_000588,drugbank,DB00782,unmapped
DRUG_000589,drugbank,DB00783,MEDIUM_CANONICAL
DRUG_000589,twosides,CID000000450,MEDIUM_CANONICAL
DRUG_000590,drugbank,DB00784,HIGH_EXACT
DRUG_000590,twosides,CID000004044,HIGH_EXACT
DRUG_000591,drugbank,DB00787,HIGH_EXACT
DRUG_000591,twosides,CID000002022,HIGH_EXACT
DRUG_000592,drugbank,DB00788,MEDIUM_CANONICAL
DRUG_000592,twosides,CID000001302,MEDIUM_CANONICAL
DRUG_000593,drugbank,DB00790,MEDIUM_CANONICAL
DRUG_000593,twosides,CID000060184,MEDIUM_CANONICAL
DRUG_000594,drugbank,DB00791,unmapped
DRUG_000595,drugbank,DB00792,unmapped
DRUG_000596,drugbank,DB00793,unmapped
DRUG_000597,drugbank,DB00794,HIGH_EXACT
DRUG_000597,twosides,CID000004909,HIGH_EXACT
DRUG_000598,drugbank,DB00795,unmapped
DRUG_000599,drugbank,DB00796,unmapped
DRUG_000600,drugbank,DB00797,unmapped
DRUG_000601,drugbank,DB00798,HIGH_EXACT
DRUG_000601,twosides,CID000003467,HIGH_EXACT
DRUG_000602,drugbank,DB00799,HIGH_EXACT
DRUG_000602,twosides,CID000005381,HIGH_EXACT
DRUG_000603,drugbank,DB00800,unmapped
DRUG_000604,drugbank,DB00801,unmapped
DRUG_000605,drugbank,DB00802,HIGH_EXACT
DRUG_000605,twosides,CID000051263,HIGH_EXACT
DRUG_000606,drugbank,DB00803,unmapped
DRUG_000607,drugbank,DB00804,HIGH_EXACT
DRUG_000607,twosides,CID000003042,HIGH_EXACT
DRUG_000608,drugbank,DB00805,unmapped
DRUG_000609,drugbank,DB00806,HIGH_EXACT
DRUG_000609,twosides,CID000004740,HIGH_EXACT
DRUG_000610,drugbank,DB00807,unmapped
DRUG_000611,drugbank,DB00808,HIGH_EXACT
DRUG_000611,twosides,CID000003702,HIGH_EXACT
DRUG_000612,drugbank,DB00809,HIGH_EXACT
DRUG_000612,twosides,CID000005593,HIGH_EXACT
DRUG_000613,drugbank,DB00810,unmapped
DRUG_000614,drugbank,DB00811,MEDIUM_CANONICAL
DRUG_000614,twosides,CID000005064,MEDIUM_CANONICAL
DRUG_000615,drugbank,DB00812,unmapped
DRUG_000616,drugbank,DB00813,HIGH_EXACT
DRUG_000616,twosides,CID000003345,HIGH_EXACT
DRUG_000617,drugbank,DB00814,unmapped
DRUG_000618,drugbank,DB00816,unmapped
DRUG_000619,drugbank,DB00817,unmapped
DRUG_000620,drugbank,DB00818,HIGH_EXACT
DRUG_000620,twosides,CID000004943,HIGH_EXACT
DRUG_000621,drugbank,DB00819,HIGH_EXACT
DRUG_000621,twosides,CID000001986,HIGH_EXACT
DRUG_000622,drugbank,DB00820,MEDIUM_CANONICAL
DRUG_000622,twosides,CID000110635,MEDIUM_CANONICAL
DRUG_000623,drugbank,DB00821,unmapped
DRUG_000624,drugbank,DB00822,HIGH_EXACT
DRUG_000624,twosides,CID000003117,HIGH_EXACT
DRUG_000625,drugbank,DB00823,unmapped
DRUG_000626,drugbank,DB00826,unmapped
DRUG_000627,drugbank,DB00827,unmapped
DRUG_000628,drugbank,DB00828,unmapped
DRUG_000629,drugbank,DB00829,HIGH_EXACT
DRUG_000629,twosides,CID000003016,HIGH_EXACT
DRUG_000630,drugbank,DB00830,unmapped
DRUG_000631,drugbank,DB00831,unmapped
DRUG_000632,drugbank,DB00832,unmapped
DRUG_000633,drugbank,DB00833,MEDIUM_CANONICAL
DRUG_000633,twosides,CID000002609,MEDIUM_CANONICAL
DRUG_000634,drugbank,DB00834,unmapped
DRUG_000635,drugbank,DB00835,unmapped
DRUG_000636,drugbank,DB00836,unmapped
DRUG_000637,drugbank,DB00837,unmapped
DRUG_000638,drugbank,DB00838,unmapped
DRUG_000639,drugbank,DB00839,unmapped
DRUG_000640,drugbank,DB00841,HIGH_EXACT
DRUG_000640,twosides,CID000036811,HIGH_EXACT
DRUG_000641,drugbank,DB00842,HIGH_EXACT
DRUG_000641,twosides,CID000004616,HIGH_EXACT
DRUG_000642,drugbank,DB00843,HIGH_EXACT
DRUG_000642,twosides,CID000003152,HIGH_EXACT
DRUG_000643,drugbank,DB00844,MEDIUM_CANONICAL
DRUG_000643,twosides,CID000004419,MEDIUM_CANONICAL
DRUG_000644,drugbank,DB00845,unmapped
DRUG_000645,drugbank,DB00846,unmapped
DRUG_000646,drugbank,DB00847,unmapped
DRUG_000647,drugbank,DB00849,unmapped
DRUG_000648,drugbank,DB00850,HIGH_EXACT
DRUG_000648,twosides,CID000004748,HIGH_EXACT
DRUG_000649,drugbank,DB00851,unmapped
DRUG_000650,drugbank,DB00852,unmapped
DRUG_000651,drugbank,DB00853,HIGH_EXACT
DRUG_000651,twosides,CID000005394,HIGH_EXACT
DRUG_000652,drugbank,DB00854,unmapped
DRUG_000653,drugbank,DB00855,unmapped
DRUG_000654,drugbank,DB00856,unmapped
DRUG_000655,drugbank,DB00857,MEDIUM_CANONICAL
DRUG_000655,twosides,CID000005402,MEDIUM_CANONICAL
DRUG_000656,drugbank,DB00859,MEDIUM_CANONICAL
DRUG_000656,twosides,CID000004727,MEDIUM_CANONICAL
DRUG_000657,drugbank,DB00860,MEDIUM_CANONICAL
DRUG_000657,twosides,CID000004894,MEDIUM_CANONICAL
DRUG_000658,drugbank,DB00861,HIGH_EXACT
DRUG_000658,twosides,CID000003059,HIGH_EXACT
DRUG_000659,drugbank,DB00862,HIGH_EXACT
DRUG_000659,twosides,CID000110634,HIGH_EXACT
DRUG_000660,drugbank,DB00863,HIGH_EXACT
DRUG_000660,twosides,CID000005039,HIGH_EXACT
DRUG_000661,drugbank,DB00864,MEDIUM_CANONICAL
DRUG_000661,twosides,CID000005372,MEDIUM_CANONICAL
DRUG_000662,drugbank,DB00865,unmapped
DRUG_000663,drugbank,DB00866,unmapped
DRUG_000664,drugbank,DB00867,unmapped
DRUG_000665,drugbank,DB00869,MEDIUM_CANONICAL
DRUG_000665,twosides,CID000003154,MEDIUM_CANONICAL
DRUG_000666,drugbank,DB00870,unmapped
DRUG_000667,drugbank,DB00871,unmapped
DRUG_000668,drugbank,DB00872,unmapped
DRUG_000669,drugbank,DB00873,unmapped
DRUG_000670,drugbank,DB00875,unmapped
DRUG_000671,drugbank,DB00876,unmapped
DRUG_000672,drugbank,DB00877,MEDIUM_CANONICAL
DRUG_000672,twosides,CID000005040,MEDIUM_CANONICAL
DRUG_000673,drugbank,DB00879,MEDIUM_CANONICAL
DRUG_000673,twosides,CID000060877,MEDIUM_CANONICAL
DRUG_000674,drugbank,DB00880,HIGH_EXACT
DRUG_000674,twosides,CID000002720,HIGH_EXACT
DRUG_000675,drugbank,DB00881,MEDIUM_CANONICAL
DRUG_000675,twosides,CID000005005,MEDIUM_CANONICAL
DRUG_000676,drugbank,DB00882,HIGH_EXACT
DRUG_000676,twosides,CID000002800,HIGH_EXACT
DRUG_000677,drugbank,DB00883,MEDIUM_CANONICAL
DRUG_000677,twosides,CID000003780,MEDIUM_CANONICAL
DRUG_000678,drugbank,DB00884,HIGH_EXACT
DRUG_000678,twosides,CID000005245,HIGH_EXACT
DRUG_000679,drugbank,DB00885,unmapped
DRUG_000680,drugbank,DB00887,HIGH_EXACT
DRUG_000680,twosides,CID000002471,HIGH_EXACT
DRUG_000681,drugbank,DB00888,unmapped
DRUG_000682,drugbank,DB00889,MEDIUM_CANONICAL
DRUG_000682,twosides,CID000003510,MEDIUM_CANONICAL
DRUG_000683,drugbank,DB00890,unmapped
DRUG_000684,drugbank,DB00891,unmapped
DRUG_000685,drugbank,DB00892,unmapped
DRUG_000686,drugbank,DB00894,unmapped
DRUG_000687,drugbank,DB00896,unmapped
DRUG_000688,drugbank,DB00897,HIGH_EXACT
DRUG_000688,twosides,CID000005556,HIGH_EXACT
DRUG_000689,drugbank,DB00898,unmapped
DRUG_000690,drugbank,DB00899,HIGH_EXACT
DRUG_000690,twosides,CID000060815,HIGH_EXACT
DRUG_000691,drugbank,DB00900,MEDIUM_CANONICAL
DRUG_000691,twosides,CID000003043,MEDIUM_CANONICAL
DRUG_000692,drugbank,DB00903,HIGH_EXACT
DRUG_000692,twosides,CID000003278,HIGH_EXACT
DRUG_000693,drugbank,DB00904,HIGH_EXACT
DRUG_000693,twosides,CID000004595,HIGH_EXACT
DRUG_000694,drugbank,DB00905,MEDIUM_CANONICAL
DRUG_000694,twosides,CID005311027,MEDIUM_CANONICAL
DRUG_000695,drugbank,DB00906,MEDIUM_CANONICAL
DRUG_000695,twosides,CID000005466,MEDIUM_CANONICAL
DRUG_000696,drugbank,DB00907,unmapped
DRUG_000697,drugbank,DB00909,HIGH_EXACT
DRUG_000697,twosides,CID000005734,HIGH_EXACT
DRUG_000698,drugbank,DB00910,MEDIUM_CANONICAL
DRUG_000698,twosides,CID005281104,MEDIUM_CANONICAL
DRUG_000699,drugbank,DB00911,unmapped
DRUG_000700,drugbank,DB00912,MEDIUM_CANONICAL
DRUG_000700,twosides,CID000004547,MEDIUM_CANONICAL
DRUG_000701,drugbank,DB00914,unmapped
DRUG_000702,drugbank,DB00915,HIGH_EXACT
DRUG_000702,twosides,CID000002130,HIGH_EXACT
DRUG_000703,drugbank,DB00916,HIGH_EXACT
DRUG_000703,twosides,CID000004173,HIGH_EXACT
DRUG_000704,drugbank,DB00917,MEDIUM_CANONICAL
DRUG_000704,twosides,CID000000158,MEDIUM_CANONICAL
DRUG_000705,drugbank,DB00918,HIGH_EXACT
DRUG_000705,twosides,CID000123606,HIGH_EXACT
DRUG_000706,drugbank,DB00919,unmapped
DRUG_000707,drugbank,DB00920,HIGH_EXACT
DRUG_000707,twosides,CID000003827,HIGH_EXACT
DRUG_000708,drugbank,DB00921,MEDIUM_CANONICAL
DRUG_000708,twosides,CID000002476,MEDIUM_CANONICAL
DRUG_000709,drugbank,DB00922,unmapped
DRUG_000710,drugbank,DB00923,unmapped
DRUG_000711,drugbank,DB00924,HIGH_EXACT
DRUG_000711,twosides,CID000002895,HIGH_EXACT
DRUG_000712,drugbank,DB00925,unmapped
DRUG_000713,drugbank,DB00927,HIGH_EXACT
DRUG_000713,twosides,CID000003325,HIGH_EXACT
DRUG_000714,drugbank,DB00928,unmapped
DRUG_000715,drugbank,DB00929,MEDIUM_CANONICAL
DRUG_000715,twosides,CID004183806,MEDIUM_CANONICAL
DRUG_000716,drugbank,DB00931,unmapped
DRUG_000717,drugbank,DB00932,unmapped
DRUG_000718,drugbank,DB00933,unmapped
DRUG_000719,drugbank,DB00934,HIGH_EXACT
DRUG_000719,twosides,CID000004011,HIGH_EXACT
DRUG_000720,drugbank,DB00935,unmapped
DRUG_000721,drugbank,DB00936,unmapped
DRUG_000722,drugbank,DB00937,unmapped
DRUG_000723,drugbank,DB00938,HIGH_EXACT
DRUG_000723,twosides,CID000005152,HIGH_EXACT
DRUG_000724,drugbank,DB00939,unmapped
DRUG_000725,drugbank,DB00940,unmapped
DRUG_000726,drugbank,DB00943,unmapped
DRUG_000727,drugbank,DB00944,unmapped
DRUG_000728,drugbank,DB00945,HIGH_EXACT
DRUG_000728,twosides,CID000002244,HIGH_EXACT
DRUG_000729,drugbank,DB00946,unmapped
DRUG_000730,drugbank,DB00947,MEDIUM_CANONICAL
DRUG_000730,twosides,CID000104741,MEDIUM_CANONICAL
DRUG_000731,drugbank,DB00948,unmapped
DRUG_000732,drugbank,DB00949,unmapped
DRUG_000733,drugbank,DB00950,HIGH_EXACT
DRUG_000733,twosides,CID000003348,HIGH_EXACT
DRUG_000734,drugbank,DB00951,HIGH_EXACT
DRUG_000734,twosides,CID000003767,HIGH_EXACT
DRUG_000735,drugbank,DB00952,HIGH_EXACT
DRUG_000735,twosides,CID000004440,HIGH_EXACT
DRUG_000736,drugbank,DB00953,HIGH_EXACT
DRUG_000736,twosides,CID000005078,HIGH_EXACT
DRUG_000737,drugbank,DB00954,unmapped
DRUG_000738,drugbank,DB00955,unmapped
DRUG_000739,drugbank,DB00956,unmapped
DRUG_000740,drugbank,DB00957,unmapped
DRUG_000741,drugbank,DB00958,unmapped
DRUG_000742,drugbank,DB00959,MEDIUM_CANONICAL
DRUG_000742,twosides,CID000004159,MEDIUM_CANONICAL
DRUG_000743,drugbank,DB00960,HIGH_EXACT
DRUG_000743,twosides,CID000004828,HIGH_EXACT
DRUG_000744,drugbank,DB00961,unmapped
DRUG_000745,drugbank,DB00962,HIGH_EXACT
DRUG_000745,twosides,CID000005719,HIGH_EXACT
DRUG_000746,drugbank,DB00963,unmapped
DRUG_000747,drugbank,DB00964,unmapped
DRUG_000748,drugbank,DB00966,HIGH_EXACT
DRUG_000748,twosides,CID000065999,HIGH_EXACT
DRUG_000749,drugbank,DB00967,HIGH_EXACT
DRUG_000749,twosides,CID000124087,HIGH_EXACT
DRUG_000750,drugbank,DB00968,MEDIUM_CANONICAL
DRUG_000750,twosides,CID000004138,MEDIUM_CANONICAL
DRUG_000751,drugbank,DB00969,HIGH_EXACT
DRUG_000751,twosides,CID000002099,HIGH_EXACT
DRUG_000752,drugbank,DB00970,MEDIUM_CANONICAL
DRUG_000752,twosides,CID000002019,MEDIUM_CANONICAL
DRUG_000753,drugbank,DB00972,HIGH_EXACT
DRUG_000753,twosides,CID000002267,HIGH_EXACT
DRUG_000754,drugbank,DB00973,MEDIUM_CANONICAL
DRUG_000754,twosides,CID000150311,MEDIUM_CANONICAL
DRUG_000755,drugbank,DB00974,unmapped
DRUG_000756,drugbank,DB00975,HIGH_EXACT
DRUG_000756,twosides,CID000003108,HIGH_EXACT
DRUG_000757,drugbank,DB00976,MEDIUM_CANONICAL
DRUG_000757,twosides,CID003002190,MEDIUM_CANONICAL
DRUG_000758,drugbank,DB00977,unmapped
DRUG_000759,drugbank,DB00978,unmapped
DRUG_000760,drugbank,DB00979,unmapped
DRUG_000761,drugbank,DB00980,unmapped
DRUG_000762,drugbank,DB00981,unmapped
DRUG_000763,drugbank,DB00983,ambiguous
DRUG_000764,drugbank,DB01274,ambiguous
DRUG_000765,twosides,CID000003410,ambiguous
DRUG_000766,drugbank,DB00985,unmapped
DRUG_000767,drugbank,DB00986,HIGH_EXACT
DRUG_000767,twosides,CID000003494,HIGH_EXACT
DRUG_000768,drugbank,DB00987,MEDIUM_CANONICAL
DRUG_000768,twosides,CID000000596,MEDIUM_CANONICAL
DRUG_000769,drugbank,DB00988,unmapped
DRUG_000770,drugbank,DB00989,MEDIUM_CANONICAL
DRUG_000770,twosides,CID000005077,MEDIUM_CANONICAL
DRUG_000771,drugbank,DB00990,MEDIUM_CANONICAL
DRUG_000771,twosides,CID000060198,MEDIUM_CANONICAL
DRUG_000772,drugbank,DB00991,HIGH_EXACT
DRUG_000772,twosides,CID000004614,HIGH_EXACT
DRUG_000773,drugbank,DB00992,unmapped
DRUG_000774,drugbank,DB00993,HIGH_EXACT
DRUG_000774,twosides,CID000002265,HIGH_EXACT
DRUG_000775,drugbank,DB00996,HIGH_EXACT
DRUG_000775,twosides,CID000003446,HIGH_EXACT
DRUG_000776,drugbank,DB00997,unmapped
DRUG_000777,drugbank,DB00998,MEDIUM_CANONICAL
DRUG_000777,twosides,CID000077992,MEDIUM_CANONICAL
DRUG_000778,drugbank,DB00999,HIGH_EXACT
DRUG_000778,twosides,CID000003639,HIGH_EXACT
DRUG_000779,drugbank,DB01000,unmapped
DRUG_000780,drugbank,DB01001,ambiguous
DRUG_000781,drugbank,DB13139,ambiguous
DRUG_000782,twosides,CID000002083,ambiguous
DRUG_000783,drugbank,DB01004,HIGH_INCHIKEY
DRUG_000783,twosides,CID000003454,HIGH_INCHIKEY
DRUG_000784,drugbank,DB01005,HIGH_EXACT
DRUG_000784,twosides,CID000003657,HIGH_EXACT
DRUG_000785,drugbank,DB01006,HIGH_EXACT
DRUG_000785,twosides,CID000003902,HIGH_EXACT
DRUG_000786,drugbank,DB01007,HIGH_EXACT
DRUG_000786,twosides,CID000005482,HIGH_EXACT
DRUG_000787,drugbank,DB01008,HIGH_EXACT
DRUG_000787,twosides,CID000002478,HIGH_EXACT
DRUG_000788,drugbank,DB01009,ambiguous
DRUG_000789,drugbank,DB09214,ambiguous
DRUG_000790,twosides,CID000003825,ambiguous
DRUG_000791,drugbank,DB01010,unmapped
DRUG_000792,drugbank,DB01011,unmapped
DRUG_000793,drugbank,DB01012,MEDIUM_CANONICAL
DRUG_000793,twosides,CID000156419,MEDIUM_CANONICAL
DRUG_000794,drugbank,DB01013,unmapped
DRUG_000795,drugbank,DB01014,unmapped
DRUG_000796,drugbank,DB01015,unmapped
DRUG_000797,drugbank,DB01016,HIGH_EXACT
DRUG_000797,twosides,CID000003488,HIGH_EXACT
DRUG_000798,drugbank,DB01017,unmapped
DRUG_000799,drugbank,DB01018,unmapped
DRUG_000800,drugbank,DB01019,HIGH_EXACT
DRUG_000800,twosides,CID000002370,HIGH_EXACT
DRUG_000801,drugbank,DB01020,MEDIUM_CANONICAL
DRUG_000801,twosides,CID000027661,MEDIUM_CANONICAL
DRUG_000802,drugbank,DB01021,unmapped
DRUG_000803,drugbank,DB01022,MEDIUM_CANONICAL
DRUG_000803,twosides,CID000004812,MEDIUM_CANONICAL
DRUG_000804,drugbank,DB01023,HIGH_EXACT
DRUG_000804,twosides,CID000003333,HIGH_EXACT
DRUG_000805,drugbank,DB01024,unmapped
DRUG_000806,drugbank,DB01026,HIGH_EXACT
DRUG_000806,twosides,CID000003823,HIGH_EXACT
DRUG_000807,drugbank,DB01028,unmapped
DRUG_000808,drugbank,DB01029,HIGH_EXACT
DRUG_000808,twosides,CID000003749,HIGH_EXACT
DRUG_000809,drugbank,DB01030,MEDIUM_CANONICAL
DRUG_000809,twosides,CID000005515,MEDIUM_CANONICAL
DRUG_000810,drugbank,DB01032,HIGH_EXACT
DRUG_000810,twosides,CID000004911,HIGH_EXACT
DRUG_000811,drugbank,DB01033,HIGH_EXACT
DRUG_000811,twosides,CID000667490,HIGH_EXACT
DRUG_000812,drugbank,DB01034,unmapped
DRUG_000813,drugbank,DB01035,HIGH_EXACT
DRUG_000813,twosides,CID000004913,HIGH_EXACT
DRUG_000814,drugbank,DB01036,MEDIUM_CANONICAL
DRUG_000814,twosides,CID000005512,MEDIUM_CANONICAL
DRUG_000815,drugbank,DB01037,MEDIUM_CANONICAL
DRUG_000815,twosides,CID000005195,MEDIUM_CANONICAL
DRUG_000816,drugbank,DB01039,HIGH_EXACT
DRUG_000816,twosides,CID000003339,HIGH_EXACT
DRUG_000817,drugbank,DB01041,HIGH_EXACT
DRUG_000817,twosides,CID000005426,HIGH_EXACT
DRUG_000818,drugbank,DB01042,MEDIUM_CANONICAL
DRUG_000818,twosides,CID000004053,MEDIUM_CANONICAL
DRUG_000819,drugbank,DB01043,HIGH_EXACT
DRUG_000819,twosides,CID000004054,HIGH_EXACT
DRUG_000820,drugbank,DB01044,HIGH_EXACT
DRUG_000820,twosides,CID000005379,HIGH_EXACT
DRUG_000821,drugbank,DB01045,unmapped
DRUG_000822,drugbank,DB01046,unmapped
DRUG_000823,drugbank,DB01047,MEDIUM_CANONICAL
DRUG_000823,twosides,CID000003382,MEDIUM_CANONICAL
DRUG_000824,drugbank,DB01048,MEDIUM_CANONICAL
DRUG_000824,twosides,CID000001971,MEDIUM_CANONICAL
DRUG_000825,drugbank,DB01050,HIGH_EXACT
DRUG_000825,twosides,CID000003672,HIGH_EXACT
DRUG_000826,drugbank,DB01051,unmapped
DRUG_000827,drugbank,DB01053,MEDIUM_CANONICAL
DRUG_000827,twosides,CID000002349,MEDIUM_CANONICAL
DRUG_000828,drugbank,DB01054,unmapped
DRUG_000829,drugbank,DB01057,unmapped
DRUG_000830,drugbank,DB01058,unmapped
DRUG_000831,drugbank,DB01059,HIGH_EXACT
DRUG_000831,twosides,CID000004539,HIGH_EXACT
DRUG_000832,drugbank,DB01060,MEDIUM_CANONICAL
DRUG_000832,twosides,CID000002171,MEDIUM_CANONICAL
DRUG_000833,drugbank,DB01061,unmapped
DRUG_000834,drugbank,DB01062,HIGH_EXACT
DRUG_000834,twosides,CID000004634,HIGH_EXACT
DRUG_000835,drugbank,DB01063,unmapped
DRUG_000836,drugbank,DB01064,unmapped
DRUG_000837,drugbank,DB01065,unmapped
DRUG_000838,drugbank,DB01066,MEDIUM_CANONICAL
DRUG_000838,twosides,CID009571074,MEDIUM_CANONICAL
DRUG_000839,drugbank,DB01067,HIGH_EXACT
DRUG_000839,twosides,CID000003478,HIGH_EXACT
DRUG_000840,drugbank,DB01068,HIGH_EXACT
DRUG_000840,twosides,CID000002802,HIGH_EXACT
DRUG_000841,drugbank,DB01069,HIGH_EXACT
DRUG_000841,twosides,CID000004927,HIGH_EXACT
DRUG_000842,drugbank,DB01070,unmapped
DRUG_000843,drugbank,DB01071,unmapped
DRUG_000844,drugbank,DB01072,MEDIUM_CANONICAL
DRUG_000844,twosides,CID000148192,MEDIUM_CANONICAL
DRUG_000845,drugbank,DB01073,MEDIUM_CANONICAL
DRUG_000845,twosides,CID000003367,MEDIUM_CANONICAL
DRUG_000846,drugbank,DB01074,unmapped
DRUG_000847,drugbank,DB01075,unmapped
DRUG_000848,drugbank,DB01076,MEDIUM_CANONICAL
DRUG_000848,twosides,CID000002250,MEDIUM_CANONICAL
DRUG_000849,drugbank,DB01077,HIGH_EXACT
DRUG_000849,twosides,CID000003305,HIGH_EXACT
DRUG_000850,drugbank,DB01078,unmapped
DRUG_000851,drugbank,DB01080,unmapped
DRUG_000852,drugbank,DB01081,unmapped
DRUG_000853,drugbank,DB01082,unmapped
DRUG_000854,drugbank,DB01083,MEDIUM_CANONICAL
DRUG_000854,twosides,CID000004599,MEDIUM_CANONICAL
DRUG_000855,drugbank,DB01084,unmapped
DRUG_000856,drugbank,DB01085,MEDIUM_CANONICAL
DRUG_000856,twosides,CID000004819,MEDIUM_CANONICAL
DRUG_000857,drugbank,DB01086,unmapped
DRUG_000858,drugbank,DB01087,unmapped
DRUG_000859,drugbank,DB01088,MEDIUM_CANONICAL
DRUG_000859,twosides,CID005311181,MEDIUM_CANONICAL
DRUG_000860,drugbank,DB01089,unmapped
DRUG_000861,drugbank,DB01090,unmapped
DRUG_000862,drugbank,DB01091,unmapped
DRUG_000863,drugbank,DB01092,unmapped
DRUG_000864,drugbank,DB01093,unmapped
DRUG_000865,drugbank,DB01094,unmapped
DRUG_000866,drugbank,DB01095,MEDIUM_CANONICAL
DRUG_000866,twosides,CID000003403,MEDIUM_CANONICAL
DRUG_000867,drugbank,DB01096,unmapped
DRUG_000868,drugbank,DB01097,HIGH_EXACT
DRUG_000868,twosides,CID000003899,HIGH_EXACT
DRUG_000869,drugbank,DB01098,unmapped
DRUG_000870,drugbank,DB01099,unmapped
DRUG_000871,drugbank,DB01100,unmapped
DRUG_000872,drugbank,DB01101,MEDIUM_CANONICAL
DRUG_000872,twosides,CID000060953,MEDIUM_CANONICAL
DRUG_000873,drugbank,DB01102,unmapped
DRUG_000874,drugbank,DB01103,unmapped
DRUG_000875,drugbank,DB01104,MEDIUM_CANONICAL
DRUG_000875,twosides,CID000005203,MEDIUM_CANONICAL
DRUG_000876,drugbank,DB01105,HIGH_EXACT
DRUG_000876,twosides,CID000005210,HIGH_EXACT
DRUG_000877,drugbank,DB01106,unmapped
DRUG_000878,drugbank,DB01107,unmapped
DRUG_000879,drugbank,DB01108,unmapped
DRUG_000880,drugbank,DB01110,HIGH_EXACT
DRUG_000880,twosides,CID000004189,HIGH_EXACT
DRUG_000881,drugbank,DB01111,unmapped
DRUG_000882,drugbank,DB01112,unmapped
DRUG_000883,drugbank,DB01113,unmapped
DRUG_000884,drugbank,DB01114,HIGH_EXACT
DRUG_000884,twosides,CID000002725,HIGH_EXACT
DRUG_000885,drugbank,DB01115,HIGH_EXACT
DRUG_000885,twosides,CID000004485,HIGH_EXACT
DRUG_000886,drugbank,DB01116,unmapped
DRUG_000887,drugbank,DB01117,unmapped
DRUG_000888,drugbank,DB01118,unmapped
DRUG_000889,drugbank,DB01119,unmapped
DRUG_000890,drugbank,DB01120,unmapped
DRUG_000891,drugbank,DB01121,unmapped
DRUG_000892,drugbank,DB01122,unmapped
DRUG_000893,drugbank,DB01124,HIGH_EXACT
DRUG_000893,twosides,CID000005505,HIGH_EXACT
DRUG_000894,drugbank,DB01126,MEDIUM_CANONICAL
DRUG_000894,twosides,CID000152945,MEDIUM_CANONICAL
DRUG_000895,drugbank,DB01127,HIGH_EXACT
DRUG_000895,twosides,CID000003198,HIGH_EXACT
DRUG_000896,drugbank,DB01128,HIGH_EXACT
DRUG_000896,twosides,CID000002375,HIGH_EXACT
DRUG_000897,drugbank,DB01129,HIGH_EXACT
DRUG_000897,twosides,CID000005029,HIGH_EXACT
DRUG_000898,drugbank,DB01130,unmapped
DRUG_000899,drugbank,DB01131,unmapped
DRUG_000900,drugbank,DB01132,HIGH_EXACT
DRUG_000900,twosides,CID000004829,HIGH_EXACT
DRUG_000901,drugbank,DB01133,unmapped
DRUG_000902,drugbank,DB01135,unmapped
DRUG_000903,drugbank,DB01136,HIGH_EXACT
DRUG_000903,twosides,CID000002585,HIGH_EXACT
DRUG_000904,drugbank,DB01137,ambiguous
DRUG_000905,drugbank,DB01165,ambiguous
DRUG_000906,twosides,CID000004583,ambiguous
DRUG_000907,drugbank,DB01138,unmapped
DRUG_000908,drugbank,DB01139,unmapped
DRUG_000909,drugbank,DB01140,MEDIUM_CANONICAL
DRUG_000909,twosides,CID000002610,MEDIUM_CANONICAL
DRUG_000910,drugbank,DB01141,unmapped
DRUG_000911,drugbank,DB01142,HIGH_EXACT
DRUG_000911,twosides,CID000003158,HIGH_EXACT
DRUG_000912,drugbank,DB01143,HIGH_EXACT
DRUG_000912,twosides,CID000002141,HIGH_EXACT
DRUG_000913,drugbank,DB01144,unmapped
DRUG_000914,drugbank,DB01147,unmapped
DRUG_000915,drugbank,DB01149,HIGH_EXACT
DRUG_000915,twosides,CID000004449,HIGH_EXACT
DRUG_000916,drugbank,DB01150,MEDIUM_CANONICAL
DRUG_000916,twosides,CID000002646,MEDIUM_CANONICAL
DRUG_000917,drugbank,DB01151,HIGH_EXACT
DRUG_000917,twosides,CID000002995,HIGH_EXACT
DRUG_000918,drugbank,DB01153,unmapped
DRUG_000919,drugbank,DB01154,unmapped
DRUG_000920,drugbank,DB01155,MEDIUM_CANONICAL
DRUG_000920,twosides,CID000072938,MEDIUM_CANONICAL
DRUG_000921,drugbank,DB01156,HIGH_EXACT
DRUG_000921,twosides,CID000000444,HIGH_EXACT
DRUG_000922,drugbank,DB01157,unmapped
DRUG_000923,drugbank,DB01158,unmapped
DRUG_000924,drugbank,DB01159,HIGH_EXACT
DRUG_000924,twosides,CID000003562,HIGH_EXACT
DRUG_000925,drugbank,DB01160,unmapped
DRUG_000926,drugbank,DB01161,unmapped
DRUG_000927,drugbank,DB01162,HIGH_EXACT
DRUG_000927,twosides,CID000005401,HIGH_EXACT
DRUG_000928,drugbank,DB01164,unmapped
DRUG_000929,drugbank,DB01166,unmapped
DRUG_000930,drugbank,DB01167,MEDIUM_CANONICAL
DRUG_000930,twosides,CID000003793,MEDIUM_CANONICAL
DRUG_000931,drugbank,DB01168,unmapped
DRUG_000932,drugbank,DB01169,unmapped
DRUG_000933,drugbank,DB01170,unmapped
DRUG_000934,drugbank,DB01171,unmapped
DRUG_000935,drugbank,DB01172,MEDIUM_CANONICAL
DRUG_000935,twosides,CID000000815,MEDIUM_CANONICAL
DRUG_000936,drugbank,DB01173,HIGH_EXACT
DRUG_000936,twosides,CID000004601,HIGH_EXACT
DRUG_000937,drugbank,DB01174,unmapped
DRUG_000938,drugbank,DB01176,unmapped
DRUG_000939,drugbank,DB01177,unmapped
DRUG_000940,drugbank,DB01178,unmapped
DRUG_000941,drugbank,DB01179,unmapped
DRUG_000942,drugbank,DB01180,unmapped
DRUG_000943,drugbank,DB01181,HIGH_EXACT
DRUG_000943,twosides,CID000003690,HIGH_EXACT
DRUG_000944,drugbank,DB01182,HIGH_EXACT
DRUG_000944,twosides,CID000004932,HIGH_EXACT
DRUG_000945,drugbank,DB01183,MEDIUM_CANONICAL
DRUG_000945,twosides,CID000004425,MEDIUM_CANONICAL
DRUG_000946,drugbank,DB01184,unmapped
DRUG_000947,drugbank,DB01185,unmapped
DRUG_000948,drugbank,DB01186,MEDIUM_CANONICAL
DRUG_000948,twosides,CID000004745,MEDIUM_CANONICAL
DRUG_000949,drugbank,DB01188,HIGH_EXACT
DRUG_000949,twosides,CID000002749,HIGH_EXACT
DRUG_000950,drugbank,DB01189,HIGH_EXACT
DRUG_000950,twosides,CID000042113,HIGH_EXACT
DRUG_000951,drugbank,DB01190,MEDIUM_CANONICAL
DRUG_000951,twosides,CID000002786,MEDIUM_CANONICAL
DRUG_000952,drugbank,DB01191,unmapped
DRUG_000953,drugbank,DB01192,unmapped
DRUG_000954,drugbank,DB01193,HIGH_EXACT
DRUG_000954,twosides,CID000001978,HIGH_EXACT
DRUG_000955,drugbank,DB01194,MEDIUM_CANONICAL
DRUG_000955,twosides,CID000068844,MEDIUM_CANONICAL
DRUG_000956,drugbank,DB01195,unmapped
DRUG_000957,drugbank,DB01196,unmapped
DRUG_000958,drugbank,DB01197,MEDIUM_CANONICAL
DRUG_000958,twosides,CID000002550,MEDIUM_CANONICAL
DRUG_000959,drugbank,DB01199,unmapped
DRUG_000960,drugbank,DB01200,unmapped
DRUG_000961,drugbank,DB01201,unmapped
DRUG_000962,drugbank,DB01202,MEDIUM_CANONICAL
DRUG_000962,twosides,CID000059708,MEDIUM_CANONICAL
DRUG_000963,drugbank,DB01203,MEDIUM_CANONICAL
DRUG_000963,twosides,CID000004411,MEDIUM_CANONICAL
DRUG_000964,drugbank,DB01204,HIGH_EXACT
DRUG_000964,twosides,CID000004212,HIGH_EXACT
DRUG_000965,drugbank,DB01205,HIGH_EXACT
DRUG_000965,twosides,CID000003373,HIGH_EXACT
DRUG_000966,drugbank,DB01206,unmapped
DRUG_000967,drugbank,DB01207,unmapped
DRUG_000968,drugbank,DB01208,unmapped
DRUG_000969,drugbank,DB01209,unmapped
DRUG_000970,drugbank,DB01210,MEDIUM_CANONICAL
DRUG_000970,twosides,CID000003914,MEDIUM_CANONICAL
DRUG_000971,drugbank,DB01211,MEDIUM_CANONICAL
DRUG_000971,twosides,CID000054688,MEDIUM_CANONICAL
DRUG_000972,drugbank,DB01212,unmapped
DRUG_000973,drugbank,DB01213,unmapped
DRUG_000974,drugbank,DB01214,unmapped
DRUG_000975,drugbank,DB01215,HIGH_EXACT
DRUG_000975,twosides,CID000003261,HIGH_EXACT
DRUG_000976,drugbank,DB01216,MEDIUM_CANONICAL
DRUG_000976,twosides,CID000003350,MEDIUM_CANONICAL
DRUG_000977,drugbank,DB01217,HIGH_EXACT
DRUG_000977,twosides,CID000002187,HIGH_EXACT
DRUG_000978,drugbank,DB01218,unmapped
DRUG_000979,drugbank,DB01219,unmapped
DRUG_000980,drugbank,DB01220,MEDIUM_CANONICAL
DRUG_000980,twosides,CID006436173,MEDIUM_CANONICAL
DRUG_000981,drugbank,DB01221,HIGH_EXACT
DRUG_000981,twosides,CID000003821,HIGH_EXACT
DRUG_000982,drugbank,DB01222,MEDIUM_CANONICAL
DRUG_000982,twosides,CID000002462,MEDIUM_CANONICAL
DRUG_000983,drugbank,DB01223,HIGH_EXACT
DRUG_000983,twosides,CID000009433,HIGH_EXACT
DRUG_000984,drugbank,DB01224,HIGH_EXACT
DRUG_000984,twosides,CID000005002,HIGH_EXACT
DRUG_000985,drugbank,DB01226,unmapped
DRUG_000986,drugbank,DB01227,unmapped
DRUG_000987,drugbank,DB01228,unmapped
DRUG_000988,drugbank,DB01229,MEDIUM_CANONICAL
DRUG_000988,twosides,CID000004666,MEDIUM_CANONICAL
DRUG_000989,drugbank,DB01232,MEDIUM_CANONICAL
DRUG_000989,twosides,CID000060787,MEDIUM_CANONICAL
DRUG_000990,drugbank,DB01233,HIGH_EXACT
DRUG_000990,twosides,CID000004168,HIGH_EXACT
DRUG_000991,drugbank,DB01235,unmapped
DRUG_000992,drugbank,DB01236,HIGH_EXACT
DRUG_000992,twosides,CID000005206,HIGH_EXACT
DRUG_000993,drugbank,DB01238,HIGH_EXACT
DRUG_000993,twosides,CID000060795,HIGH_EXACT
DRUG_000994,drugbank,DB01239,unmapped
DRUG_000995,drugbank,DB01240,MEDIUM_CANONICAL
DRUG_000995,twosides,CID000000159,MEDIUM_CANONICAL
DRUG_000996,drugbank,DB01241,HIGH_EXACT
DRUG_000996,twosides,CID000003463,HIGH_EXACT
DRUG_000997,drugbank,DB01242,HIGH_EXACT
DRUG_000997,twosides,CID000002801,HIGH_EXACT
DRUG_000998,drugbank,DB01243,unmapped
DRUG_000999,drugbank,DB01244,unmapped
DRUG_001000,drugbank,DB01245,unmapped
DRUG_001001,drugbank,DB01246,unmapped
DRUG_001002,drugbank,DB01247,unmapped
DRUG_001003,drugbank,DB01248,MEDIUM_CANONICAL
DRUG_001003,twosides,CID000003143,MEDIUM_CANONICAL
DRUG_001004,drugbank,DB01249,HIGH_EXACT
DRUG_001004,twosides,CID000003724,HIGH_EXACT
DRUG_001005,drugbank,DB01250,unmapped
DRUG_001006,drugbank,DB01251,unmapped
DRUG_001007,drugbank,DB01252,unmapped
DRUG_001008,drugbank,DB01253,unmapped
DRUG_001009,drugbank,DB01254,HIGH_EXACT
DRUG_001009,twosides,CID003062316,HIGH_EXACT
DRUG_001010,drugbank,DB01255,unmapped
DRUG_001011,drugbank,DB01256,unmapped
DRUG_001012,drugbank,DB01259,unmapped
DRUG_001013,drugbank,DB01260,MEDIUM_CANONICAL
DRUG_001013,twosides,CID000012536,MEDIUM_CANONICAL
DRUG_001014,drugbank,DB01261,unmapped
DRUG_001015,drugbank,DB01262,unmapped
DRUG_001016,drugbank,DB01263,MEDIUM_CANONICAL
DRUG_001016,twosides,CID000147912,MEDIUM_CANONICAL
DRUG_001017,drugbank,DB01264,MEDIUM_CANONICAL
DRUG_001017,twosides,CID000213039,MEDIUM_CANONICAL
DRUG_001018,drugbank,DB01267,HIGH_EXACT
DRUG_001018,twosides,CID000115237,HIGH_EXACT
DRUG_001019,drugbank,DB01268,MEDIUM_CANONICAL
DRUG_001019,twosides,CID005329102,MEDIUM_CANONICAL
DRUG_001020,drugbank,DB01273,HIGH_EXACT
DRUG_001020,twosides,CID000170361,HIGH_EXACT
DRUG_001021,drugbank,DB01275,HIGH_EXACT
DRUG_001021,twosides,CID000003637,HIGH_EXACT
DRUG_001022,drugbank,DB01280,unmapped
DRUG_001023,drugbank,DB01282,unmapped
DRUG_001024,drugbank,DB01283,unmapped
DRUG_001025,drugbank,DB01284,unmapped
DRUG_001026,drugbank,DB01288,unmapped
DRUG_001027,drugbank,DB01289,unmapped
DRUG_001028,drugbank,DB01291,HIGH_EXACT
DRUG_001028,twosides,CID000004845,HIGH_EXACT
DRUG_001029,drugbank,DB01294,unmapped
DRUG_001030,drugbank,DB01295,unmapped
DRUG_001031,drugbank,DB01296,unmapped
DRUG_001032,drugbank,DB01297,unmapped
DRUG_001033,drugbank,DB01298,unmapped
DRUG_001034,drugbank,DB01299,unmapped
DRUG_001035,drugbank,DB01301,unmapped
DRUG_001036,drugbank,DB01303,unmapped
DRUG_001037,drugbank,DB01319,MEDIUM_CANONICAL
DRUG_001037,twosides,CID000131536,MEDIUM_CANONICAL
DRUG_001038,drugbank,DB01320,HIGH_EXACT
DRUG_001038,twosides,CID000056339,HIGH_EXACT
DRUG_001039,drugbank,DB01321,unmapped
DRUG_001040,drugbank,DB01324,unmapped
DRUG_001041,drugbank,DB01325,unmapped
DRUG_001042,drugbank,DB01326,unmapped
DRUG_001043,drugbank,DB01327,unmapped
DRUG_001044,drugbank,DB01328,unmapped
DRUG_001045,drugbank,DB01329,unmapped
DRUG_001046,drugbank,DB01330,unmapped
DRUG_001047,drugbank,DB01331,unmapped
DRUG_001048,drugbank,DB01332,unmapped
DRUG_001049,drugbank,DB01333,MEDIUM_CANONICAL
DRUG_001049,twosides,CID000002673,MEDIUM_CANONICAL
DRUG_001050,drugbank,DB01336,unmapped
DRUG_001051,drugbank,DB01337,MEDIUM_CANONICAL
DRUG_001051,twosides,CID000004675,MEDIUM_CANONICAL
DRUG_001052,drugbank,DB01338,unmapped
DRUG_001053,drugbank,DB01339,MEDIUM_CANONICAL
DRUG_001053,twosides,CID000039765,MEDIUM_CANONICAL
DRUG_001054,drugbank,DB01340,unmapped
DRUG_001055,drugbank,DB01345,unmapped
DRUG_001056,drugbank,DB01348,unmapped
DRUG_001057,drugbank,DB01349,unmapped
DRUG_001058,drugbank,DB01351,unmapped
DRUG_001059,drugbank,DB01353,unmapped
DRUG_001060,drugbank,DB01355,unmapped
DRUG_001061,drugbank,DB01356,unmapped
DRUG_001062,drugbank,DB01357,unmapped
DRUG_001063,drugbank,DB01359,unmapped
DRUG_001064,drugbank,DB01362,HIGH_EXACT
DRUG_001064,twosides,CID000003730,HIGH_EXACT
DRUG_001065,drugbank,DB01364,unmapped
DRUG_001066,drugbank,DB01365,unmapped
DRUG_001067,drugbank,DB01366,unmapped
DRUG_001068,drugbank,DB01367,MEDIUM_CANONICAL
DRUG_001068,twosides,CID000122316,MEDIUM_CANONICAL
DRUG_001069,drugbank,DB01369,unmapped
DRUG_001070,drugbank,DB01370,unmapped
DRUG_001071,drugbank,DB01377,unmapped
DRUG_001072,drugbank,DB01378,unmapped
DRUG_001073,drugbank,DB01380,unmapped
DRUG_001074,drugbank,DB01384,unmapped
DRUG_001075,drugbank,DB01390,HIGH_EXACT
DRUG_001075,twosides,CID000008953,HIGH_EXACT
DRUG_001076,drugbank,DB01392,unmapped
DRUG_001077,drugbank,DB01393,unmapped
DRUG_001078,drugbank,DB01394,unmapped
DRUG_001079,drugbank,DB01395,unmapped
DRUG_001080,drugbank,DB01396,unmapped
DRUG_001081,drugbank,DB01397,unmapped
DRUG_001082,drugbank,DB01399,unmapped
DRUG_001083,drugbank,DB01400,unmapped
DRUG_001084,drugbank,DB01401,unmapped
DRUG_001085,drugbank,DB01403,unmapped
DRUG_001086,drugbank,DB01406,MEDIUM_CANONICAL
DRUG_001086,twosides,CID000002949,MEDIUM_CANONICAL
DRUG_001087,drugbank,DB01407,unmapped
DRUG_001088,drugbank,DB01408,unmapped
DRUG_001089,drugbank,DB01409,MEDIUM_CANONICAL
DRUG_001089,twosides,CID000060831,MEDIUM_CANONICAL
DRUG_001090,drugbank,DB01410,MEDIUM_CANONICAL
DRUG_001090,twosides,CID000444033,MEDIUM_CANONICAL
DRUG_001091,drugbank,DB01411,unmapped
DRUG_001092,drugbank,DB01412,unmapped
DRUG_001093,drugbank,DB01413,MEDIUM_CANONICAL
DRUG_001093,twosides,CID000002622,MEDIUM_CANONICAL
DRUG_001094,drugbank,DB01414,unmapped
DRUG_001095,drugbank,DB01415,unmapped
DRUG_001096,drugbank,DB01416,MEDIUM_CANONICAL
DRUG_001096,twosides,CID000054547,MEDIUM_CANONICAL
DRUG_001097,drugbank,DB01418,unmapped
DRUG_001098,drugbank,DB01420,unmapped
DRUG_001099,drugbank,DB01421,unmapped
DRUG_001100,drugbank,DB01422,unmapped
DRUG_001101,drugbank,DB01423,unmapped
DRUG_001102,drugbank,DB01424,unmapped
DRUG_001103,drugbank,DB01426,unmapped
DRUG_001104,drugbank,DB01427,unmapped
DRUG_001105,drugbank,DB01429,unmapped
DRUG_001106,drugbank,DB01431,unmapped
DRUG_001107,drugbank,DB01433,unmapped
DRUG_001108,drugbank,DB01435,unmapped
DRUG_001109,drugbank,DB01436,unmapped
DRUG_001110,drugbank,DB01437,unmapped
DRUG_001111,drugbank,DB01438,unmapped
DRUG_001112,drugbank,DB01440,unmapped
DRUG_001113,drugbank,DB01452,unmapped
DRUG_001114,drugbank,DB01463,unmapped
DRUG_001115,drugbank,DB01466,unmapped
DRUG_001116,drugbank,DB01489,unmapped
DRUG_001117,drugbank,DB01501,unmapped
DRUG_001118,drugbank,DB01511,unmapped
DRUG_001119,drugbank,DB01544,unmapped
DRUG_001120,drugbank,DB01545,unmapped
DRUG_001121,drugbank,DB01551,unmapped
DRUG_001122,drugbank,DB01553,unmapped
DRUG_001123,drugbank,DB01558,unmapped
DRUG_001124,drugbank,DB01559,unmapped
DRUG_001125,drugbank,DB01563,unmapped
DRUG_001126,drugbank,DB01567,unmapped
DRUG_001127,drugbank,DB01575,unmapped
DRUG_001128,drugbank,DB01577,MEDIUM_CANONICAL
DRUG_001128,twosides,CID000001206,MEDIUM_CANONICAL
DRUG_001129,drugbank,DB01578,unmapped
DRUG_001130,drugbank,DB01579,unmapped
DRUG_001131,drugbank,DB01580,unmapped
DRUG_001132,drugbank,DB01581,unmapped
DRUG_001133,drugbank,DB01582,unmapped
DRUG_001134,drugbank,DB01583,unmapped
DRUG_001135,drugbank,DB01586,ambiguous
DRUG_001136,drugbank,DB06777,ambiguous
DRUG_001137,twosides,CID000005645,ambiguous
DRUG_001138,drugbank,DB01587,unmapped
DRUG_001139,drugbank,DB01588,unmapped
DRUG_001140,drugbank,DB01589,HIGH_EXACT
DRUG_001140,twosides,CID000004999,HIGH_EXACT
DRUG_001141,drugbank,DB01590,unmapped
DRUG_001142,drugbank,DB01591,MEDIUM_CANONICAL
DRUG_001142,twosides,CID000154059,MEDIUM_CANONICAL
DRUG_001143,drugbank,DB01592,unmapped
DRUG_001144,drugbank,DB01595,HIGH_EXACT
DRUG_001144,twosides,CID000004506,HIGH_EXACT
DRUG_001145,drugbank,DB01597,unmapped
DRUG_001146,drugbank,DB01598,unmapped
DRUG_001147,drugbank,DB01599,unmapped
DRUG_001148,drugbank,DB01600,unmapped
DRUG_001149,drugbank,DB01601,unmapped
DRUG_001150,drugbank,DB01602,unmapped
DRUG_001151,drugbank,DB01603,unmapped
DRUG_001152,drugbank,DB01604,unmapped
DRUG_001153,drugbank,DB01605,unmapped
DRUG_001154,drugbank,DB01606,unmapped
DRUG_001155,drugbank,DB01607,unmapped
DRUG_001156,drugbank,DB01608,unmapped
DRUG_001157,drugbank,DB01609,unmapped
DRUG_001158,drugbank,DB01610,MEDIUM_CANONICAL
DRUG_001158,twosides,CID000064147,MEDIUM_CANONICAL
DRUG_001159,drugbank,DB01611,HIGH_EXACT
DRUG_001159,twosides,CID000003652,HIGH_EXACT
DRUG_001160,drugbank,DB01612,unmapped
DRUG_001161,drugbank,DB01613,unmapped
DRUG_001162,drugbank,DB01614,unmapped
DRUG_001163,drugbank,DB01615,unmapped
DRUG_001164,drugbank,DB01618,unmapped
DRUG_001165,drugbank,DB01619,unmapped
DRUG_001166,drugbank,DB01620,unmapped
DRUG_001167,drugbank,DB01621,unmapped
DRUG_001168,drugbank,DB01622,unmapped
DRUG_001169,drugbank,DB01623,MEDIUM_CANONICAL
DRUG_001169,twosides,CID000005454,MEDIUM_CANONICAL
DRUG_001170,drugbank,DB01624,unmapped
DRUG_001171,drugbank,DB01626,unmapped
DRUG_001172,drugbank,DB01627,MEDIUM_CANONICAL
DRUG_001172,twosides,CID000003928,MEDIUM_CANONICAL
DRUG_001173,drugbank,DB01628,unmapped
DRUG_001174,drugbank,DB01656,unmapped
DRUG_001175,drugbank,DB01685,unmapped
DRUG_001176,drugbank,DB01708,unmapped
DRUG_001177,drugbank,DB01764,unmapped
DRUG_001178,drugbank,DB01878,unmapped
DRUG_001179,drugbank,DB02187,unmapped
DRUG_001180,drugbank,DB02300,MEDIUM_CANONICAL
DRUG_001180,twosides,CID000002522,MEDIUM_CANONICAL
DRUG_001181,drugbank,DB02513,unmapped
DRUG_001182,drugbank,DB02546,unmapped
DRUG_001183,drugbank,DB02638,unmapped
DRUG_001184,drugbank,DB02659,unmapped
DRUG_001185,drugbank,DB02701,unmapped
DRUG_001186,drugbank,DB02703,unmapped
DRUG_001187,drugbank,DB02709,unmapped
DRUG_001188,drugbank,DB02959,unmapped
DRUG_001189,drugbank,DB03128,unmapped
DRUG_001190,drugbank,DB03585,unmapped
DRUG_001191,drugbank,DB03615,unmapped
DRUG_001192,drugbank,DB03619,unmapped
DRUG_001193,drugbank,DB03754,unmapped
DRUG_001194,drugbank,DB03756,unmapped
DRUG_001195,drugbank,DB03793,unmapped
DRUG_001196,drugbank,DB03796,unmapped
DRUG_001197,drugbank,DB04272,unmapped
DRUG_001198,drugbank,DB04339,unmapped
DRUG_001199,drugbank,DB04398,unmapped
DRUG_001200,drugbank,DB04552,unmapped
DRUG_001201,drugbank,DB04570,unmapped
DRUG_001202,drugbank,DB04571,unmapped
DRUG_001203,drugbank,DB04572,HIGH_EXACT
DRUG_001203,twosides,CID000005453,HIGH_EXACT
DRUG_001204,drugbank,DB04573,unmapped
DRUG_001205,drugbank,DB04574,unmapped
DRUG_001206,drugbank,DB04575,unmapped
DRUG_001207,drugbank,DB04576,unmapped
DRUG_001208,drugbank,DB04711,unmapped
DRUG_001209,drugbank,DB04743,unmapped
DRUG_001210,drugbank,DB04786,unmapped
DRUG_001211,drugbank,DB04794,unmapped
DRUG_001212,drugbank,DB04835,unmapped
DRUG_001213,drugbank,DB04839,unmapped
DRUG_001214,drugbank,DB04840,unmapped
DRUG_001215,drugbank,DB04841,unmapped
DRUG_001216,drugbank,DB04842,unmapped
DRUG_001217,drugbank,DB04844,unmapped
DRUG_001218,drugbank,DB04845,unmapped
DRUG_001219,drugbank,DB04846,unmapped
DRUG_001220,drugbank,DB04854,unmapped
DRUG_001221,drugbank,DB04855,unmapped
DRUG_001222,drugbank,DB04861,unmapped
DRUG_001223,drugbank,DB04865,unmapped
DRUG_001224,drugbank,DB04868,unmapped
DRUG_001225,drugbank,DB04871,unmapped
DRUG_001226,drugbank,DB04876,unmapped
DRUG_001227,drugbank,DB04878,unmapped
DRUG_001228,drugbank,DB04894,unmapped
DRUG_001229,drugbank,DB04896,unmapped
DRUG_001230,drugbank,DB04898,unmapped
DRUG_001231,drugbank,DB04908,unmapped
DRUG_001232,drugbank,DB04911,unmapped
DRUG_001233,drugbank,DB04918,unmapped
DRUG_001234,drugbank,DB04920,unmapped
DRUG_001235,drugbank,DB04930,unmapped
DRUG_001236,drugbank,DB04938,unmapped
DRUG_001237,drugbank,DB04946,unmapped
DRUG_001238,drugbank,DB04948,unmapped
DRUG_001239,drugbank,DB04951,unmapped
DRUG_001240,drugbank,DB04953,unmapped
DRUG_001241,drugbank,DB04967,unmapped
DRUG_001242,drugbank,DB05015,unmapped
DRUG_001243,drugbank,DB05039,unmapped
DRUG_001244,drugbank,DB05109,unmapped
DRUG_001245,drugbank,DB05219,unmapped
DRUG_001246,drugbank,DB05239,unmapped
DRUG_001247,drugbank,DB05245,unmapped
DRUG_001248,drugbank,DB05246,unmapped
DRUG_001249,drugbank,DB05260,unmapped
DRUG_001250,drugbank,DB05265,unmapped
DRUG_001251,drugbank,DB05266,unmapped
DRUG_001252,drugbank,DB05271,MEDIUM_CANONICAL
DRUG_001252,twosides,CID000057537,MEDIUM_CANONICAL
DRUG_001253,drugbank,DB05294,unmapped
DRUG_001254,drugbank,DB05316,unmapped
DRUG_001255,drugbank,DB05381,unmapped
DRUG_001256,drugbank,DB05521,unmapped
DRUG_001257,drugbank,DB05528,unmapped
DRUG_001258,drugbank,DB05541,unmapped
DRUG_001259,drugbank,DB05630,unmapped
DRUG_001260,drugbank,DB05676,unmapped
DRUG_001261,drugbank,DB05812,unmapped
DRUG_001262,drugbank,DB05990,unmapped
DRUG_001263,drugbank,DB06016,unmapped
DRUG_001264,drugbank,DB06144,unmapped
DRUG_001265,drugbank,DB06145,unmapped
DRUG_001266,drugbank,DB06147,unmapped
DRUG_001267,drugbank,DB06148,unmapped
DRUG_001268,drugbank,DB06150,unmapped
DRUG_001269,drugbank,DB06152,unmapped
DRUG_001270,drugbank,DB06153,unmapped
DRUG_001271,drugbank,DB06154,unmapped
DRUG_001272,drugbank,DB06155,unmapped
DRUG_001273,drugbank,DB06176,unmapped
DRUG_001274,drugbank,DB06193,unmapped
DRUG_001275,drugbank,DB06196,unmapped
DRUG_001276,drugbank,DB06201,unmapped
DRUG_001277,drugbank,DB06202,unmapped
DRUG_001278,drugbank,DB06203,unmapped
DRUG_001279,drugbank,DB06204,unmapped
DRUG_001280,drugbank,DB06206,unmapped
DRUG_001281,drugbank,DB06207,unmapped
DRUG_001282,drugbank,DB06209,unmapped
DRUG_001283,drugbank,DB06210,unmapped
DRUG_001284,drugbank,DB06211,unmapped
DRUG_001285,drugbank,DB06212,unmapped
DRUG_001286,drugbank,DB06213,unmapped
DRUG_001287,drugbank,DB06216,unmapped
DRUG_001288,drugbank,DB06217,unmapped
DRUG_001289,drugbank,DB06218,unmapped
DRUG_001290,drugbank,DB06228,unmapped
DRUG_001291,drugbank,DB06237,unmapped
DRUG_001292,drugbank,DB06243,unmapped
DRUG_001293,drugbank,DB06261,unmapped
DRUG_001294,drugbank,DB06262,unmapped
DRUG_001295,drugbank,DB06263,unmapped
DRUG_001296,drugbank,DB06264,unmapped
DRUG_001297,drugbank,DB06267,unmapped
DRUG_001298,drugbank,DB06268,unmapped
DRUG_001299,drugbank,DB06274,unmapped
DRUG_001300,drugbank,DB06287,unmapped
DRUG_001301,drugbank,DB06288,unmapped
DRUG_001302,drugbank,DB06290,unmapped
DRUG_001303,drugbank,DB06292,unmapped
DRUG_001304,drugbank,DB06335,unmapped
DRUG_001305,drugbank,DB06401,unmapped
DRUG_001306,drugbank,DB06402,unmapped
DRUG_001307,drugbank,DB06403,MEDIUM_CANONICAL
DRUG_001307,twosides,CID000197712,MEDIUM_CANONICAL
DRUG_001308,drugbank,DB06410,unmapped
DRUG_001309,drugbank,DB06412,unmapped
DRUG_001310,drugbank,DB06414,unmapped
DRUG_001311,drugbank,DB06441,unmapped
DRUG_001312,drugbank,DB06480,unmapped
DRUG_001313,drugbank,DB06589,unmapped
DRUG_001314,drugbank,DB06594,unmapped
DRUG_001315,drugbank,DB06595,unmapped
DRUG_001316,drugbank,DB06603,unmapped
DRUG_001317,drugbank,DB06605,unmapped
DRUG_001318,drugbank,DB06616,unmapped
DRUG_001319,drugbank,DB06626,unmapped
DRUG_001320,drugbank,DB06636,unmapped
DRUG_001321,drugbank,DB06637,unmapped
DRUG_001322,drugbank,DB06654,unmapped
DRUG_001323,drugbank,DB06663,unmapped
DRUG_001324,drugbank,DB06684,unmapped
DRUG_001325,drugbank,DB06689,unmapped
DRUG_001326,drugbank,DB06690,unmapped
DRUG_001327,drugbank,DB06691,unmapped
DRUG_001328,drugbank,DB06694,unmapped
DRUG_001329,drugbank,DB06695,unmapped
DRUG_001330,drugbank,DB06696,unmapped
DRUG_001331,drugbank,DB06697,unmapped
DRUG_001332,drugbank,DB06698,unmapped
DRUG_001333,drugbank,DB06699,unmapped
DRUG_001334,drugbank,DB06700,HIGH_EXACT
DRUG_001334,twosides,CID000125017,HIGH_EXACT
DRUG_001335,drugbank,DB06702,unmapped
DRUG_001336,drugbank,DB06704,unmapped
DRUG_001337,drugbank,DB06706,unmapped
DRUG_001338,drugbank,DB06707,unmapped
DRUG_001339,drugbank,DB06708,unmapped
DRUG_001340,drugbank,DB06709,unmapped
DRUG_001341,drugbank,DB06710,unmapped
DRUG_001342,drugbank,DB06711,unmapped
DRUG_001343,drugbank,DB06712,unmapped
DRUG_001344,drugbank,DB06713,unmapped
DRUG_001345,drugbank,DB06715,unmapped
DRUG_001346,drugbank,DB06716,unmapped
DRUG_001347,drugbank,DB06717,unmapped
DRUG_001348,drugbank,DB06718,unmapped
DRUG_001349,drugbank,DB06723,unmapped
DRUG_001350,drugbank,DB06724,unmapped
DRUG_001351,drugbank,DB06725,unmapped
DRUG_001352,drugbank,DB06729,unmapped
DRUG_001353,drugbank,DB06730,unmapped
DRUG_001354,drugbank,DB06736,unmapped
DRUG_001355,drugbank,DB06737,unmapped
DRUG_001356,drugbank,DB06738,unmapped
DRUG_001357,drugbank,DB06739,unmapped
DRUG_001358,drugbank,DB06742,unmapped
DRUG_001359,drugbank,DB06764,unmapped
DRUG_001360,drugbank,DB06766,unmapped
DRUG_001361,drugbank,DB06767,unmapped
DRUG_001362,drugbank,DB06769,unmapped
DRUG_001363,drugbank,DB06770,unmapped
DRUG_001364,drugbank,DB06771,unmapped
DRUG_001365,drugbank,DB06772,unmapped
DRUG_001366,drugbank,DB06774,unmapped
DRUG_001367,drugbank,DB06781,unmapped
DRUG_001368,drugbank,DB06782,unmapped
DRUG_001369,drugbank,DB06786,unmapped
DRUG_001370,drugbank,DB06788,unmapped
DRUG_001371,drugbank,DB06789,unmapped
DRUG_001372,drugbank,DB06791,unmapped
DRUG_001373,drugbank,DB06792,unmapped
DRUG_001374,drugbank,DB06794,unmapped
DRUG_001375,drugbank,DB06795,unmapped
DRUG_001376,drugbank,DB06799,unmapped
DRUG_001377,drugbank,DB06800,unmapped
DRUG_001378,drugbank,DB06802,unmapped
DRUG_001379,drugbank,DB06803,unmapped
DRUG_001380,drugbank,DB06804,unmapped
DRUG_001381,drugbank,DB06810,unmapped
DRUG_001382,drugbank,DB06813,unmapped
DRUG_001383,drugbank,DB06816,unmapped
DRUG_001384,drugbank,DB06817,unmapped
DRUG_001385,drugbank,DB06819,unmapped
DRUG_001386,drugbank,DB06820,unmapped
DRUG_001387,drugbank,DB06824,unmapped
DRUG_001388,drugbank,DB06825,unmapped
DRUG_001389,drugbank,DB06826,unmapped
DRUG_001390,drugbank,DB06827,unmapped
DRUG_001391,drugbank,DB07615,unmapped
DRUG_001392,drugbank,DB08439,unmapped
DRUG_001393,drugbank,DB08795,unmapped
DRUG_001394,drugbank,DB08796,unmapped
DRUG_001395,drugbank,DB08797,unmapped
DRUG_001396,drugbank,DB08798,unmapped
DRUG_001397,drugbank,DB08799,unmapped
DRUG_001398,drugbank,DB08800,unmapped
DRUG_001399,drugbank,DB08801,unmapped
DRUG_001400,drugbank,DB08802,unmapped
DRUG_001401,drugbank,DB08804,unmapped
DRUG_001402,drugbank,DB08806,unmapped
DRUG_001403,drugbank,DB08807,unmapped
DRUG_001404,drugbank,DB08808,unmapped
DRUG_001405,drugbank,DB08811,unmapped
DRUG_001406,drugbank,DB08814,unmapped
DRUG_001407,drugbank,DB08815,unmapped
DRUG_001408,drugbank,DB08816,unmapped
DRUG_001409,drugbank,DB08819,unmapped
DRUG_001410,drugbank,DB08820,unmapped
DRUG_001411,drugbank,DB08822,unmapped
DRUG_001412,drugbank,DB08824,unmapped
DRUG_001413,drugbank,DB08826,unmapped
DRUG_001414,drugbank,DB08827,unmapped
DRUG_001415,drugbank,DB08828,unmapped
DRUG_001416,drugbank,DB08860,unmapped
DRUG_001417,drugbank,DB08864,unmapped
DRUG_001418,drugbank,DB08865,unmapped
DRUG_001419,drugbank,DB08867,unmapped
DRUG_001420,drugbank,DB08868,unmapped
DRUG_001421,drugbank,DB08869,unmapped
DRUG_001422,drugbank,DB08871,unmapped
DRUG_001423,drugbank,DB08872,unmapped
DRUG_001424,drugbank,DB08873,unmapped
DRUG_001425,drugbank,DB08874,unmapped
DRUG_001426,drugbank,DB08875,unmapped
DRUG_001427,drugbank,DB08877,unmapped
DRUG_001428,drugbank,DB08880,unmapped
DRUG_001429,drugbank,DB08881,unmapped
DRUG_001430,drugbank,DB08882,unmapped
DRUG_001431,drugbank,DB08883,unmapped
DRUG_001432,drugbank,DB08884,unmapped
DRUG_001433,drugbank,DB08887,unmapped
DRUG_001434,drugbank,DB08889,unmapped
DRUG_001435,drugbank,DB08893,unmapped
DRUG_001436,drugbank,DB08895,unmapped
DRUG_001437,drugbank,DB08896,unmapped
DRUG_001438,drugbank,DB08897,unmapped
DRUG_001439,drugbank,DB08899,unmapped
DRUG_001440,drugbank,DB08901,unmapped
DRUG_001441,drugbank,DB08903,unmapped
DRUG_001442,drugbank,DB08905,unmapped
DRUG_001443,drugbank,DB08906,unmapped
DRUG_001444,drugbank,DB08907,unmapped
DRUG_001445,drugbank,DB08908,unmapped
DRUG_001446,drugbank,DB08909,unmapped
DRUG_001447,drugbank,DB08910,unmapped
DRUG_001448,drugbank,DB08911,unmapped
DRUG_001449,drugbank,DB08912,unmapped
DRUG_001450,drugbank,DB08913,unmapped
DRUG_001451,drugbank,DB08916,unmapped
DRUG_001452,drugbank,DB08918,unmapped
DRUG_001453,drugbank,DB08922,unmapped
DRUG_001454,drugbank,DB08930,unmapped
DRUG_001455,drugbank,DB08931,unmapped
DRUG_001456,drugbank,DB08932,unmapped
DRUG_001457,drugbank,DB08933,unmapped
DRUG_001458,drugbank,DB08934,unmapped
DRUG_001459,drugbank,DB08938,unmapped
DRUG_001460,drugbank,DB08941,unmapped
DRUG_001461,drugbank,DB08943,unmapped
DRUG_001462,drugbank,DB08947,MEDIUM_CANONICAL
DRUG_001462,twosides,CID000003734,MEDIUM_CANONICAL
DRUG_001463,drugbank,DB08954,unmapped
DRUG_001464,drugbank,DB08957,unmapped
DRUG_001465,drugbank,DB08958,unmapped
DRUG_001466,drugbank,DB08964,unmapped
DRUG_001467,drugbank,DB08965,unmapped
DRUG_001468,drugbank,DB08967,unmapped
DRUG_001469,drugbank,DB08970,unmapped
DRUG_001470,drugbank,DB08971,unmapped
DRUG_001471,drugbank,DB08974,unmapped
DRUG_001472,drugbank,DB08976,unmapped
DRUG_001473,drugbank,DB08981,unmapped
DRUG_001474,drugbank,DB08983,unmapped
DRUG_001475,drugbank,DB08984,unmapped
DRUG_001476,drugbank,DB08987,unmapped
DRUG_001477,drugbank,DB08991,unmapped
DRUG_001478,drugbank,DB08992,unmapped
DRUG_001479,drugbank,DB08993,unmapped
DRUG_001480,drugbank,DB08994,unmapped
DRUG_001481,drugbank,DB08996,unmapped
DRUG_001482,drugbank,DB09000,unmapped
DRUG_001483,drugbank,DB09008,unmapped
DRUG_001484,drugbank,DB09009,unmapped
DRUG_001485,drugbank,DB09014,unmapped
DRUG_001486,drugbank,DB09015,unmapped
DRUG_001487,drugbank,DB09017,unmapped
DRUG_001488,drugbank,DB09018,unmapped
DRUG_001489,drugbank,DB09020,unmapped
DRUG_001490,drugbank,DB09021,unmapped
DRUG_001491,drugbank,DB09026,MEDIUM_CANONICAL
DRUG_001491,twosides,CID005493444,MEDIUM_CANONICAL
DRUG_001492,drugbank,DB09027,unmapped
DRUG_001493,drugbank,DB09030,unmapped
DRUG_001494,drugbank,DB09031,unmapped
DRUG_001495,drugbank,DB09034,unmapped
DRUG_001496,drugbank,DB09038,unmapped
DRUG_001497,drugbank,DB09039,unmapped
DRUG_001498,drugbank,DB09040,unmapped
DRUG_001499,drugbank,DB09041,unmapped
DRUG_001500,drugbank,DB09042,unmapped
DRUG_001501,drugbank,DB09047,unmapped
DRUG_001502,drugbank,DB09048,unmapped
DRUG_001503,drugbank,DB09049,unmapped
DRUG_001504,drugbank,DB09053,unmapped
DRUG_001505,drugbank,DB09054,unmapped
DRUG_001506,drugbank,DB09055,unmapped
DRUG_001507,drugbank,DB09060,unmapped
DRUG_001508,drugbank,DB09061,unmapped
DRUG_001509,drugbank,DB09063,unmapped
DRUG_001510,drugbank,DB09065,unmapped
DRUG_001511,drugbank,DB09067,unmapped
DRUG_001512,drugbank,DB09068,unmapped
DRUG_001513,drugbank,DB09069,unmapped
DRUG_001514,drugbank,DB09070,unmapped
DRUG_001515,drugbank,DB09071,unmapped
DRUG_001516,drugbank,DB09072,unmapped
DRUG_001517,drugbank,DB09073,unmapped
DRUG_001518,drugbank,DB09074,unmapped
DRUG_001519,drugbank,DB09075,unmapped
DRUG_001520,drugbank,DB09076,unmapped
DRUG_001521,drugbank,DB09078,unmapped
DRUG_001522,drugbank,DB09079,unmapped
DRUG_001523,drugbank,DB09080,unmapped
DRUG_001524,drugbank,DB09082,unmapped
DRUG_001525,drugbank,DB09083,unmapped
DRUG_001526,drugbank,DB09084,unmapped
DRUG_001527,drugbank,DB09085,unmapped
DRUG_001528,drugbank,DB09087,unmapped
DRUG_001529,drugbank,DB09090,unmapped
DRUG_001530,drugbank,DB09091,unmapped
DRUG_001531,drugbank,DB09093,unmapped
DRUG_001532,drugbank,DB09094,unmapped
DRUG_001533,drugbank,DB09095,unmapped
DRUG_001534,drugbank,DB09096,unmapped
DRUG_001535,drugbank,DB09097,unmapped
DRUG_001536,drugbank,DB09099,unmapped
DRUG_001537,drugbank,DB09101,unmapped
DRUG_001538,drugbank,DB09102,unmapped
DRUG_001539,drugbank,DB09104,unmapped
DRUG_001540,drugbank,DB09112,unmapped
DRUG_001541,drugbank,DB09117,unmapped
DRUG_001542,drugbank,DB09118,unmapped
DRUG_001543,drugbank,DB09119,unmapped
DRUG_001544,drugbank,DB09120,unmapped
DRUG_001545,drugbank,DB09123,unmapped
DRUG_001546,drugbank,DB09124,unmapped
DRUG_001547,drugbank,DB09125,unmapped
DRUG_001548,drugbank,DB09128,unmapped
DRUG_001549,drugbank,DB09130,unmapped
DRUG_001550,drugbank,DB09134,HIGH_EXACT
DRUG_001550,twosides,CID000003741,HIGH_EXACT
DRUG_001551,drugbank,DB09135,unmapped
DRUG_001552,drugbank,DB09137,unmapped
DRUG_001553,drugbank,DB09138,unmapped
DRUG_001554,drugbank,DB09143,unmapped
DRUG_001555,drugbank,DB09146,unmapped
DRUG_001556,drugbank,DB09147,unmapped
DRUG_001557,drugbank,DB09153,HIGH_EXACT
DRUG_001557,twosides,CID000005234,HIGH_EXACT
DRUG_001558,drugbank,DB09154,unmapped
DRUG_001559,drugbank,DB09156,HIGH_EXACT
DRUG_001559,twosides,CID000003736,HIGH_EXACT
DRUG_001560,drugbank,DB09161,unmapped
DRUG_001561,drugbank,DB09162,unmapped
DRUG_001562,drugbank,DB09166,unmapped
DRUG_001563,drugbank,DB09167,unmapped
DRUG_001564,drugbank,DB09183,unmapped
DRUG_001565,drugbank,DB09185,unmapped
DRUG_001566,drugbank,DB09198,unmapped
DRUG_001567,drugbank,DB09204,unmapped
DRUG_001568,drugbank,DB09209,unmapped
DRUG_001569,drugbank,DB09210,unmapped
DRUG_001570,drugbank,DB09211,unmapped
DRUG_001571,drugbank,DB09212,unmapped
DRUG_001572,drugbank,DB09215,unmapped
DRUG_001573,drugbank,DB09216,unmapped
DRUG_001574,drugbank,DB09218,unmapped
DRUG_001575,drugbank,DB09220,unmapped
DRUG_001576,drugbank,DB09221,unmapped
DRUG_001577,drugbank,DB09223,unmapped
DRUG_001578,drugbank,DB09224,unmapped
DRUG_001579,drugbank,DB09225,unmapped
DRUG_001580,drugbank,DB09227,unmapped
DRUG_001581,drugbank,DB09230,unmapped
DRUG_001582,drugbank,DB09231,unmapped
DRUG_001583,drugbank,DB09232,unmapped
DRUG_001584,drugbank,DB09235,unmapped
DRUG_001585,drugbank,DB09236,unmapped
DRUG_001586,drugbank,DB09238,unmapped
DRUG_001587,drugbank,DB09241,unmapped
DRUG_001588,drugbank,DB09242,unmapped
DRUG_001589,drugbank,DB09244,unmapped
DRUG_001590,drugbank,DB09245,unmapped
DRUG_001591,drugbank,DB09256,unmapped
DRUG_001592,drugbank,DB09257,unmapped
DRUG_001593,drugbank,DB09262,unmapped
DRUG_001594,drugbank,DB09265,unmapped
DRUG_001595,drugbank,DB09267,unmapped
DRUG_001596,drugbank,DB09268,unmapped
DRUG_001597,drugbank,DB09269,unmapped
DRUG_001598,drugbank,DB09270,unmapped
DRUG_001599,drugbank,DB09272,unmapped
DRUG_001600,drugbank,DB09273,unmapped
DRUG_001601,drugbank,DB09274,unmapped
DRUG_001602,drugbank,DB09275,unmapped
DRUG_001603,drugbank,DB09276,unmapped
DRUG_001604,drugbank,DB09277,unmapped
DRUG_001605,drugbank,DB09278,unmapped
DRUG_001606,drugbank,DB09279,unmapped
DRUG_001607,drugbank,DB09280,unmapped
DRUG_001608,drugbank,DB09281,unmapped
DRUG_001609,drugbank,DB09282,unmapped
DRUG_001610,drugbank,DB09283,unmapped
DRUG_001611,drugbank,DB09285,unmapped
DRUG_001612,drugbank,DB09286,unmapped
DRUG_001613,drugbank,DB09288,unmapped
DRUG_001614,drugbank,DB09289,unmapped
DRUG_001615,drugbank,DB09290,unmapped
DRUG_001616,drugbank,DB09291,unmapped
DRUG_001617,drugbank,DB09292,unmapped
DRUG_001618,drugbank,DB09293,unmapped
DRUG_001619,drugbank,DB09295,unmapped
DRUG_001620,drugbank,DB09296,unmapped
DRUG_001621,drugbank,DB09297,unmapped
DRUG_001622,drugbank,DB09300,unmapped
DRUG_001623,drugbank,DB09320,unmapped
DRUG_001624,drugbank,DB09321,unmapped
DRUG_001625,drugbank,DB09322,unmapped
DRUG_001626,drugbank,DB09323,unmapped
DRUG_001627,drugbank,DB09324,unmapped
DRUG_001628,drugbank,DB09330,unmapped
DRUG_001629,drugbank,DB09338,unmapped
DRUG_001630,drugbank,DB09342,unmapped
DRUG_001631,drugbank,DB09343,unmapped
DRUG_001632,drugbank,DB09345,unmapped
DRUG_001633,drugbank,DB09352,unmapped
DRUG_001634,drugbank,DB09396,unmapped
DRUG_001635,drugbank,DB09414,unmapped
DRUG_001636,drugbank,DB09449,unmapped
DRUG_001637,drugbank,DB09462,unmapped
DRUG_001638,drugbank,DB09477,unmapped
DRUG_001639,drugbank,DB09488,unmapped
DRUG_001640,drugbank,DB09499,unmapped
DRUG_001641,drugbank,DB09516,unmapped
DRUG_001642,drugbank,DB09536,unmapped
DRUG_001643,drugbank,DB09543,unmapped
DRUG_001644,drugbank,DB09555,unmapped
DRUG_001645,drugbank,DB09561,unmapped
DRUG_001646,drugbank,DB09570,unmapped
DRUG_001647,drugbank,DB11079,unmapped
DRUG_001648,drugbank,DB11093,unmapped
DRUG_001649,drugbank,DB11106,unmapped
DRUG_001650,drugbank,DB11121,unmapped
DRUG_001651,drugbank,DB11126,unmapped
DRUG_001652,drugbank,DB11135,unmapped
DRUG_001653,drugbank,DB11136,unmapped
DRUG_001654,drugbank,DB11148,unmapped
DRUG_001655,drugbank,DB11156,unmapped
DRUG_001656,drugbank,DB11231,unmapped
DRUG_001657,drugbank,DB11235,unmapped
DRUG_001658,drugbank,DB11239,unmapped
DRUG_001659,drugbank,DB11254,unmapped
DRUG_001660,drugbank,DB11256,unmapped
DRUG_001661,drugbank,DB11268,unmapped
DRUG_001662,drugbank,DB11315,unmapped
DRUG_001663,drugbank,DB11342,unmapped
DRUG_001664,drugbank,DB11348,unmapped
DRUG_001665,drugbank,DB11362,unmapped
DRUG_001666,drugbank,DB11363,unmapped
DRUG_001667,drugbank,DB11560,unmapped
DRUG_001668,drugbank,DB11574,unmapped
DRUG_001669,drugbank,DB11575,unmapped
DRUG_001670,drugbank,DB11581,unmapped
DRUG_001671,drugbank,DB11586,unmapped
DRUG_001672,drugbank,DB11596,MEDIUM_CANONICAL
DRUG_001672,twosides,CID000000143,MEDIUM_CANONICAL
DRUG_001673,drugbank,DB11609,unmapped
DRUG_001674,drugbank,DB11610,unmapped
DRUG_001675,drugbank,DB11613,unmapped
DRUG_001676,drugbank,DB11614,unmapped
DRUG_001677,drugbank,DB11619,unmapped
DRUG_001678,drugbank,DB11630,unmapped
DRUG_001679,drugbank,DB11633,unmapped
DRUG_001680,drugbank,DB11636,unmapped
DRUG_001681,drugbank,DB11641,unmapped
DRUG_001682,drugbank,DB11660,unmapped
DRUG_001683,drugbank,DB11691,unmapped
DRUG_001684,drugbank,DB11699,unmapped
DRUG_001685,drugbank,DB11730,unmapped
DRUG_001686,drugbank,DB11737,unmapped
DRUG_001687,drugbank,DB11793,unmapped
DRUG_001688,drugbank,DB11817,unmapped
DRUG_001689,drugbank,DB11828,unmapped
DRUG_001690,drugbank,DB11915,unmapped
DRUG_001691,drugbank,DB11921,unmapped
DRUG_001692,drugbank,DB11943,unmapped
DRUG_001693,drugbank,DB11989,unmapped
DRUG_001694,drugbank,DB11994,unmapped
DRUG_001695,drugbank,DB12001,unmapped
DRUG_001696,drugbank,DB12026,unmapped
DRUG_001697,drugbank,DB12070,unmapped
DRUG_001698,drugbank,DB12161,unmapped
DRUG_001699,drugbank,DB12267,unmapped
DRUG_001700,drugbank,DB12278,unmapped
DRUG_001701,drugbank,DB12332,unmapped
DRUG_001702,drugbank,DB12364,unmapped
DRUG_001703,drugbank,DB12483,unmapped
DRUG_001704,drugbank,DB12532,unmapped
DRUG_001705,drugbank,DB12598,unmapped
DRUG_001706,drugbank,DB12924,unmapped
DRUG_001707,drugbank,DB13025,unmapped
DRUG_001708,drugbank,DB13142,unmapped
DRUG_001709,drugbank,DB13145,unmapped
DRUG_001710,drugbank,DB13146,unmapped
DRUG_001711,drugbank,DB13153,unmapped
DRUG_001712,drugbank,DB13158,unmapped
DRUG_001713,drugbank,DB13167,unmapped
DRUG_001714,drugbank,DB13179,unmapped
DRUG_001715,drugbank,DB13231,unmapped
DRUG_001716,drugbank,DB13323,unmapped
DRUG_001717,drugbank,DB13595,unmapped
DRUG_001718,drugbank,DB13747,unmapped
DRUG_001719,drugbank,DB13783,unmapped
DRUG_001720,drugbank,DB13872,unmapped
DRUG_001721,drugbank,DB13873,unmapped
DRUG_001722,drugbank,DB13874,unmapped
DRUG_001723,drugbank,DB13878,unmapped
DRUG_001724,drugbank,DB13879,unmapped
DRUG_001725,drugbank,DB13925,unmapped
DRUG_001726,twosides,CID000000085,unmapped
DRUG_001727,twosides,CID000000119,unmapped
DRUG_001728,twosides,CID000000206,unmapped
DRUG_001729,twosides,CID000000271,unmapped
DRUG_001730,twosides,CID000000581,unmapped
DRUG_001731,twosides,CID000000598,unmapped
DRUG_001732,twosides,CID000000772,unmapped
DRUG_001733,twosides,CID000000937,unmapped
DRUG_001734,twosides,CID000001117,unmapped
DRUG_001735,twosides,CID000001134,unmapped
DRUG_001736,twosides,CID000001690,unmapped
DRUG_001737,twosides,CID000002156,unmapped
DRUG_001738,twosides,CID000002173,unmapped
DRUG_001739,twosides,CID000002232,unmapped
DRUG_001740,twosides,CID000002274,unmapped
DRUG_001741,twosides,CID000002283,unmapped
DRUG_001742,twosides,CID000002308,unmapped
DRUG_001743,twosides,CID000002541,unmapped
DRUG_001744,twosides,CID000002617,unmapped
DRUG_001745,twosides,CID000002631,unmapped
DRUG_001746,twosides,CID000002637,unmapped
DRUG_001747,twosides,CID000002656,unmapped
DRUG_001748,twosides,CID000002658,unmapped
DRUG_001749,twosides,CID000002676,unmapped
DRUG_001750,twosides,CID000002712,unmapped
DRUG_001751,twosides,CID000002713,unmapped
DRUG_001752,twosides,CID000002818,unmapped
DRUG_001753,twosides,CID000002891,unmapped
DRUG_001754,twosides,CID000002951,unmapped
DRUG_001755,twosides,CID000003032,unmapped
DRUG_001756,twosides,CID000003040,unmapped
DRUG_001757,twosides,CID000003075,unmapped
DRUG_001758,twosides,CID000003161,unmapped
DRUG_001759,twosides,CID000003355,unmapped
DRUG_001760,twosides,CID000003414,unmapped
DRUG_001761,twosides,CID000003419,unmapped
DRUG_001762,twosides,CID000003516,unmapped
DRUG_001763,twosides,CID000003642,unmapped
DRUG_001764,twosides,CID000003911,unmapped
DRUG_001765,twosides,CID000003954,unmapped
DRUG_001766,twosides,CID000004052,unmapped
DRUG_001767,twosides,CID000004200,unmapped
DRUG_001768,twosides,CID000004201,unmapped
DRUG_001769,twosides,CID000004473,unmapped
DRUG_001770,twosides,CID000004585,unmapped
DRUG_001771,twosides,CID000004607,unmapped
DRUG_001772,twosides,CID000004609,unmapped
DRUG_001773,twosides,CID000004645,unmapped
DRUG_001774,twosides,CID000004723,unmapped
DRUG_001775,twosides,CID000004730,unmapped
DRUG_001776,twosides,CID000004739,unmapped
DRUG_001777,twosides,CID000004834,unmapped
DRUG_001778,twosides,CID000004856,unmapped
DRUG_001779,twosides,CID000005090,unmapped
DRUG_001780,twosides,CID000005297,unmapped
DRUG_001781,twosides,CID000005412,unmapped
DRUG_001782,twosides,CID000005721,unmapped
DRUG_001783,twosides,CID000005771,unmapped
DRUG_001784,twosides,CID000006691,unmapped
DRUG_001785,twosides,CID000009052,unmapped
DRUG_001786,twosides,CID000010631,unmapped
DRUG_001787,twosides,CID000012620,unmapped
DRUG_001788,twosides,CID000014888,unmapped
DRUG_001789,twosides,CID000019090,unmapped
DRUG_001790,twosides,CID000024011,unmapped
DRUG_001791,twosides,CID000024486,unmapped
DRUG_001792,twosides,CID000027686,unmapped
DRUG_001793,twosides,CID000027991,unmapped
DRUG_001794,twosides,CID000028112,unmapped
DRUG_001795,twosides,CID000032797,unmapped
DRUG_001796,twosides,CID000038904,unmapped
DRUG_001797,twosides,CID000041774,unmapped
DRUG_001798,twosides,CID000048175,unmapped
DRUG_001799,twosides,CID000054808,unmapped
DRUG_001800,twosides,CID000060612,unmapped
DRUG_001801,twosides,CID000060754,unmapped
DRUG_001802,twosides,CID000062924,unmapped
DRUG_001803,twosides,CID000065027,unmapped
DRUG_001804,twosides,CID000071158,unmapped
DRUG_001805,twosides,CID000072467,unmapped
DRUG_001806,twosides,CID000074989,unmapped
DRUG_001807,twosides,CID000083786,unmapped
DRUG_001808,twosides,CID000087177,unmapped
DRUG_001809,twosides,CID000119607,unmapped
DRUG_001810,twosides,CID000130881,unmapped
DRUG_001811,twosides,CID000151165,unmapped
DRUG_001812,twosides,CID000160051,unmapped
DRUG_001813,twosides,CID000176168,unmapped
DRUG_001814,twosides,CID000443871,unmapped
DRUG_001815,twosides,CID000444013,unmapped
DRUG_001816,twosides,CID000504578,unmapped
DRUG_001817,twosides,CID000508230,unmapped
DRUG_001818,twosides,CID003081884,unmapped
DRUG_001819,twosides,CID003086258,unmapped
DRUG_001820,twosides,CID003468412,unmapped
DRUG_001821,twosides,CID004475485,unmapped
DRUG_001822,twosides,CID004479097,unmapped
DRUG_001823,twosides,CID005281007,unmapped
DRUG_001824,twosides,CID005282044,unmapped
DRUG_001825,twosides,CID005311039,unmapped
DRUG_001826,twosides,CID005311048,unmapped
DRUG_001827,twosides,CID005311082,unmapped
DRUG_001828,twosides,CID005311297,unmapped
DRUG_001829,twosides,CID005353980,unmapped
DRUG_001830,twosides,CID005362070,unmapped
DRUG_001831,twosides,CID005381226,unmapped
DRUG_001832,twosides,CID005473385,unmapped
DRUG_001833,twosides,CID005487301,unmapped
DRUG_001834,twosides,CID005493381,unmapped
DRUG_001835,twosides,CID006398525,unmapped
DRUG_001836,twosides,CID006918453,unmapped
